po_id,supplier_id,material_category,order_date,promised_date,delivery_date,ordered_quantity,received_quantity,rejected_quantity,contract_price,actual_unit_price,is_contract
PO00329,SUP006,MCU控制芯片,2025-01-01,2025-02-03,2025-02-11,3000,2854,105,32.85,32.42,1
PO00409,SUP007,功率半导体,2025-01-01,2025-01-29,2025-01-27,5800,5633,62,25.7,25.41,1
PO00470,SUP008,功率半导体,2025-01-01,2025-02-07,2025-02-05,9100,8629,356,25.95,26.19,1
PO00636,SUP011,功率半导体,2025-01-01,2025-02-03,2025-01-31,9900,9175,118,25.67,25.89,1
PO00784,SUP014,模拟芯片,2025-01-01,2025-02-04,2025-02-01,10000,9908,85,19.84,20.15,1
PO01078,SUP018,模拟芯片,2025-01-01,2025-02-03,2025-01-31,9500,9225,86,19.23,19.16,1
PO01136,SUP019,传感器芯片,2025-01-01,2025-02-13,2025-02-13,14500,14306,112,27.56,27.34,1
PO00052,SUP001,MCU控制芯片,2025-01-02,2025-02-02,2025-02-17,13400,12540,752,40.43,45.58,1
PO01007,SUP017,模拟芯片,2025-01-02,2025-01-25,2025-01-25,7500,7377,56,15.65,16.02,1
PO01658,SUP028,存储芯片,2025-01-02,2025-02-02,2025-02-02,5000,4978,46,42.79,41.27,1
PO00025,SUP001,MCU控制芯片,2025-01-03,2025-02-07,2025-02-05,8800,8551,465,40.43,38.04,1
PO00255,SUP005,MCU控制芯片,2025-01-03,2025-01-27,2025-01-26,8500,8318,118,34.47,36.3,1
PO00913,SUP016,模拟芯片,2025-01-03,2025-02-17,2025-02-17,14800,14567,116,16.57,16.56,1
PO01107,SUP019,传感器芯片,2025-01-03,2025-02-14,2025-02-13,4000,3960,31,27.56,28.11,1
PO01272,SUP022,传感器芯片,2025-01-03,2025-01-24,2025-01-21,7500,7278,61,30.23,30.12,1
PO01422,SUP024,传感器芯片,2025-01-03,2025-01-29,2025-01-29,14000,12762,734,24.89,26.75,1
PO01671,SUP028,存储芯片,2025-01-03,2025-02-01,2025-02-01,3500,3436,17,42.79,41.51,1
PO00250,SUP005,MCU控制芯片,2025-01-04,2025-02-01,2025-02-05,7000,6844,111,34.47,35.48,1
PO00399,SUP007,功率半导体,2025-01-04,2025-01-29,2025-01-29,9400,9302,82,25.7,26.89,0
PO00937,SUP016,模拟芯片,2025-01-04,2025-02-19,2025-02-18,8400,8248,61,16.57,16.83,1
PO01275,SUP022,传感器芯片,2025-01-04,2025-01-23,2025-01-22,4000,3976,27,30.23,29.92,1
PO01287,SUP022,传感器芯片,2025-01-04,2025-01-24,2025-01-21,7000,6967,40,30.23,30.79,1
PO01534,SUP026,存储芯片,2025-01-04,2025-02-13,2025-02-11,10300,10162,81,48.9,49.95,1
PO00563,SUP010,功率半导体,2025-01-05,2025-02-11,2025-02-09,3800,3691,37,21.51,21.97,1
PO00673,SUP012,功率半导体,2025-01-05,2025-01-21,2025-01-27,14300,13734,152,24.03,24.0,1
PO01401,SUP024,传感器芯片,2025-01-05,2025-01-30,2025-02-07,12000,11681,697,24.89,23.82,1
PO01580,SUP027,存储芯片,2025-01-05,2025-01-31,2025-02-14,8000,7203,380,51.65,59.1,0
PO01673,SUP028,存储芯片,2025-01-05,2025-02-04,2025-02-01,4000,3927,36,42.79,42.81,1
PO01768,SUP030,存储芯片,2025-01-05,2025-01-21,2025-01-20,7400,7261,65,47.57,48.44,1
PO00589,SUP010,功率半导体,2025-01-06,2025-02-15,2025-02-15,9200,9004,88,21.51,21.82,1
PO00602,SUP011,功率半导体,2025-01-06,2025-02-12,2025-02-09,11100,10758,145,25.67,25.74,1
PO00679,SUP012,功率半导体,2025-01-06,2025-01-21,2025-02-01,14100,13867,180,24.03,23.19,1
PO00698,SUP012,功率半导体,2025-01-06,2025-01-20,2025-01-30,7300,6960,74,24.03,23.3,1
PO00767,SUP013,模拟芯片,2025-01-06,2025-02-07,2025-02-04,6400,6304,52,19.27,18.92,1
PO01071,SUP018,模拟芯片,2025-01-06,2025-02-02,2025-02-01,13500,13153,99,19.23,19.45,1
PO01662,SUP028,存储芯片,2025-01-06,2025-02-07,2025-02-06,13000,12710,98,42.79,42.88,1
PO00010,SUP001,MCU控制芯片,2025-01-07,2025-02-11,2025-02-23,12000,10848,562,40.43,45.06,0
PO00184,SUP004,MCU控制芯片,2025-01-07,2025-02-22,2025-02-22,6600,6461,84,32.43,30.73,1
PO00510,SUP009,功率半导体,2025-01-07,2025-01-31,2025-01-28,9500,9124,128,23.47,20.3,1
PO00593,SUP010,功率半导体,2025-01-07,2025-02-16,2025-02-14,11400,11297,97,21.51,22.08,1
PO00609,SUP011,功率半导体,2025-01-07,2025-02-09,2025-02-23,11000,10603,125,25.67,26.25,1
PO00829,SUP014,模拟芯片,2025-01-07,2025-02-09,2025-02-09,9500,9306,61,19.84,19.62,1
PO01162,SUP020,传感器芯片,2025-01-07,2025-02-13,2025-02-11,9400,9066,344,24.01,24.05,1
PO01554,SUP026,存储芯片,2025-01-07,2025-02-12,2025-02-10,14900,14722,108,48.9,47.86,1
PO01664,SUP028,存储芯片,2025-01-07,2025-02-05,2025-02-02,15000,14821,145,42.79,46.45,0
PO00281,SUP005,MCU控制芯片,2025-01-08,2025-02-03,2025-02-02,5000,4793,74,34.47,40.2,0
PO00361,SUP007,功率半导体,2025-01-08,2025-02-02,2025-01-30,7200,7051,72,25.7,25.93,1
PO00459,SUP008,功率半导体,2025-01-08,2025-02-17,2025-02-15,12800,12455,534,25.95,26.17,1
PO01070,SUP018,模拟芯片,2025-01-08,2025-02-06,2025-02-05,9500,9409,69,19.23,19.26,1
PO00048,SUP001,MCU控制芯片,2025-01-09,2025-02-11,2025-02-09,10400,9374,528,40.43,40.63,0
PO00478,SUP008,功率半导体,2025-01-09,2025-02-16,2025-02-16,12100,11388,457,25.95,25.92,1
PO01075,SUP018,模拟芯片,2025-01-09,2025-02-09,2025-02-11,3500,3439,24,19.23,19.33,1
PO01295,SUP022,传感器芯片,2025-01-09,2025-01-28,2025-01-25,6500,6415,59,30.23,30.22,1
PO01352,SUP023,传感器芯片,2025-01-09,2025-02-04,2025-02-02,8400,8321,63,29.62,30.56,1
PO01397,SUP024,传感器芯片,2025-01-09,2025-02-01,2025-01-31,5500,5482,304,24.89,22.19,1
PO01470,SUP025,存储芯片,2025-01-09,2025-02-23,2025-02-20,7000,6838,55,42.2,41.73,1
PO01490,SUP025,存储芯片,2025-01-09,2025-02-22,2025-02-20,8500,8330,62,42.2,43.2,1
PO01577,SUP027,存储芯片,2025-01-09,2025-02-04,2025-02-03,8200,8012,450,51.65,50.53,0
PO00344,SUP006,MCU控制芯片,2025-01-10,2025-02-14,2025-02-16,2700,2689,96,32.85,32.09,1
PO00458,SUP008,功率半导体,2025-01-10,2025-02-17,2025-02-17,5400,5342,196,25.95,26.2,1
PO00461,SUP008,功率半导体,2025-01-10,2025-02-19,2025-02-20,12400,12260,493,25.95,25.51,1
PO00867,SUP015,模拟芯片,2025-01-10,2025-01-23,2025-01-23,11000,10403,121,17.11,18.53,0
PO00872,SUP015,模拟芯片,2025-01-10,2025-01-27,2025-02-08,12600,12202,162,17.11,16.81,1
PO00897,SUP015,模拟芯片,2025-01-10,2025-01-27,2025-01-24,13600,13407,184,17.11,17.86,1
PO00960,SUP016,模拟芯片,2025-01-10,2025-02-25,2025-02-25,12000,11735,64,16.57,16.89,1
PO01228,SUP021,传感器芯片,2025-01-10,2025-02-12,2025-02-16,3000,2939,27,25.29,25.78,1
PO01444,SUP025,存储芯片,2025-01-10,2025-02-25,2025-02-23,10000,9889,64,42.2,42.75,1
PO00186,SUP004,MCU控制芯片,2025-01-11,2025-02-20,2025-02-18,9600,9492,127,32.43,30.92,1
PO00778,SUP013,模拟芯片,2025-01-11,2025-02-12,2025-02-09,14600,14226,121,19.27,18.72,1
PO00919,SUP016,模拟芯片,2025-01-11,2025-02-26,2025-02-26,13200,13156,97,16.57,16.38,1
PO01341,SUP023,传感器芯片,2025-01-11,2025-02-06,2025-02-06,10400,10245,73,29.62,29.74,1
PO01442,SUP025,存储芯片,2025-01-11,2025-02-23,2025-02-21,12000,11945,91,42.2,41.37,1
PO01793,SUP030,存储芯片,2025-01-11,2025-01-31,2025-01-28,13800,13660,101,47.57,47.25,1
PO00194,SUP004,MCU控制芯片,2025-01-12,2025-02-23,2025-02-21,5800,5577,88,32.43,31.08,1
PO00212,SUP004,MCU控制芯片,2025-01-12,2025-02-23,2025-02-22,12000,11627,181,32.43,34.99,0
PO00224,SUP004,MCU控制芯片,2025-01-13,2025-02-27,2025-02-25,13000,12932,191,32.43,34.97,1
PO00303,SUP006,MCU控制芯片,2025-01-13,2025-02-16,2025-02-14,8200,8051,345,32.85,32.89,1
PO00342,SUP006,MCU控制芯片,2025-01-13,2025-02-16,2025-02-20,3800,3652,153,32.85,32.91,1
PO00655,SUP011,功率半导体,2025-01-13,2025-02-19,2025-03-03,10000,9347,125,25.67,25.28,1
PO00933,SUP016,模拟芯片,2025-01-13,2025-02-24,2025-02-24,7600,7506,52,16.57,16.57,1
PO01005,SUP017,模拟芯片,2025-01-13,2025-02-03,2025-02-08,7500,7288,60,15.65,15.64,1
PO01364,SUP023,传感器芯片,2025-01-13,2025-02-06,2025-02-04,15000,14862,105,29.62,29.95,1
PO01537,SUP026,存储芯片,2025-01-13,2025-02-18,2025-02-16,10000,9902,68,48.9,48.76,1
PO00006,SUP001,MCU控制芯片,2025-01-14,2025-02-15,2025-02-27,14400,14289,795,40.43,35.26,1
PO00032,SUP001,MCU控制芯片,2025-01-14,2025-02-16,2025-03-03,13200,12943,703,40.43,43.96,0
PO00486,SUP009,功率半导体,2025-01-14,2025-02-07,2025-02-06,13000,12884,184,23.47,26.93,0
PO00736,SUP013,模拟芯片,2025-01-15,2025-02-16,2025-02-14,9100,8846,75,19.27,19.85,1
PO00889,SUP015,模拟芯片,2025-01-15,2025-01-27,2025-01-31,11400,11220,136,17.11,17.14,1
PO01049,SUP018,模拟芯片,2025-01-15,2025-02-14,2025-02-11,5500,5394,39,19.23,20.73,0
PO01532,SUP026,存储芯片,2025-01-15,2025-02-22,2025-02-22,13600,13306,105,48.9,46.53,1
PO00219,SUP004,MCU控制芯片,2025-01-16,2025-03-03,2025-03-01,2600,2534,39,32.43,32.59,1
PO01548,SUP026,存储芯片,2025-01-16,2025-02-19,2025-02-16,6400,6275,49,48.9,49.16,1
PO01797,SUP030,存储芯片,2025-01-16,2025-02-04,2025-02-04,2800,2769,26,47.57,46.33,1
PO00086,SUP002,MCU控制芯片,2025-01-17,2025-02-17,2025-02-17,3800,3773,31,34.81,33.5,1
PO00373,SUP007,功率半导体,2025-01-17,2025-02-16,2025-02-14,7400,7338,62,25.7,25.87,1
PO00534,SUP009,功率半导体,2025-01-17,2025-02-06,2025-02-06,4500,4365,58,23.47,27.04,0
PO00939,SUP016,模拟芯片,2025-01-17,2025-03-03,2025-03-02,2600,2555,15,16.57,16.24,1
PO01420,SUP024,传感器芯片,2025-01-17,2025-02-11,2025-02-09,10000,9803,564,24.89,29.86,0
PO00467,SUP008,功率半导体,2025-01-18,2025-02-24,2025-02-22,4400,4336,161,25.95,26.82,1
PO00483,SUP009,功率半导体,2025-01-18,2025-02-11,2025-02-08,4000,3857,50,23.47,27.66,0
PO00647,SUP011,功率半导体,2025-01-18,2025-02-21,2025-02-19,3500,3356,43,25.67,25.25,1
PO00992,SUP017,模拟芯片,2025-01-18,2025-02-09,2025-02-18,13000,12653,107,15.65,15.57,1
PO00076,SUP002,MCU控制芯片,2025-01-19,2025-02-13,2025-02-11,13100,12807,91,34.81,35.01,1
PO00435,SUP008,功率半导体,2025-01-19,2025-02-28,2025-02-27,8800,8442,336,25.95,25.25,1
PO00644,SUP011,功率半导体,2025-01-19,2025-02-24,2025-02-23,9300,8694,97,25.67,26.24,1
PO01494,SUP025,存储芯片,2025-01-19,2025-03-05,2025-03-03,10500,10359,87,42.2,43.36,1
PO01780,SUP030,存储芯片,2025-01-19,2025-02-08,2025-02-07,3200,3114,27,47.57,47.27,1
PO00262,SUP005,MCU控制芯片,2025-01-20,2025-02-16,2025-02-19,7500,7210,122,34.47,40.75,0
PO00439,SUP008,功率半导体,2025-01-20,2025-02-26,2025-02-25,5400,5086,187,25.95,26.4,1
PO00774,SUP013,模拟芯片,2025-01-20,2025-02-19,2025-02-19,13400,13118,99,19.27,19.06,1
PO01199,SUP020,传感器芯片,2025-01-20,2025-02-24,2025-02-22,8500,8074,334,24.01,24.7,1
PO00017,SUP001,MCU控制芯片,2025-01-21,2025-02-26,2025-02-25,11600,11393,620,40.43,52.18,0
PO00537,SUP009,功率半导体,2025-01-21,2025-02-16,2025-02-14,7500,7314,112,23.47,23.31,1
PO00581,SUP010,功率半导体,2025-01-21,2025-02-28,2025-03-03,10300,10056,85,21.51,21.45,1
PO00783,SUP014,模拟芯片,2025-01-21,2025-02-23,2025-02-21,11500,11326,110,19.84,19.74,1
PO00982,SUP017,模拟芯片,2025-01-21,2025-02-14,2025-02-14,7500,7437,53,15.65,15.52,1
PO01692,SUP029,存储芯片,2025-01-21,2025-02-25,2025-02-23,5000,4914,35,49.51,48.3,1
PO00821,SUP014,模拟芯片,2025-01-22,2025-02-22,2025-02-22,11500,11245,81,19.84,19.51,1
PO01384,SUP024,传感器芯片,2025-01-22,2025-02-14,2025-03-02,3500,3344,183,24.89,21.03,1
PO01475,SUP025,存储芯片,2025-01-22,2025-03-05,2025-03-03,15000,14660,118,42.2,43.23,1
PO01530,SUP026,存储芯片,2025-01-22,2025-03-02,2025-03-01,13000,12629,102,48.9,50.02,1
PO01565,SUP027,存储芯片,2025-01-22,2025-02-22,2025-03-07,8800,8722,458,51.65,49.88,0
PO01601,SUP027,存储芯片,2025-01-22,2025-02-19,2025-03-04,12400,11284,586,51.65,47.98,1
PO01611,SUP027,存储芯片,2025-01-22,2025-02-23,2025-02-20,5900,5604,289,51.65,57.76,0
PO01621,SUP028,存储芯片,2025-01-22,2025-02-25,2025-02-25,5000,4997,36,42.79,41.73,1
PO00311,SUP006,MCU控制芯片,2025-01-23,2025-02-25,2025-02-24,13300,12879,547,32.85,33.62,1
PO00385,SUP007,功率半导体,2025-01-23,2025-02-22,2025-02-19,7600,7483,63,25.7,25.16,1
PO01513,SUP026,存储芯片,2025-01-23,2025-03-02,2025-03-03,13000,12658,100,48.9,48.62,1
PO00781,SUP014,模拟芯片,2025-01-24,2025-02-24,2025-02-23,13500,13214,118,19.84,20.16,1
PO01514,SUP026,存储芯片,2025-01-24,2025-02-27,2025-02-25,9700,9521,80,48.9,54.54,0
PO00225,SUP004,MCU控制芯片,2025-01-25,2025-03-12,2025-03-16,10800,10692,163,32.43,35.23,0
PO00231,SUP004,MCU控制芯片,2025-01-25,2025-03-07,2025-03-07,3600,3549,62,32.43,38.61,0
PO00278,SUP005,MCU控制芯片,2025-01-25,2025-02-19,2025-02-17,13500,12929,210,34.47,39.02,1
PO00570,SUP010,功率半导体,2025-01-25,2025-03-06,2025-03-05,5400,5355,39,21.51,21.1,1
PO00708,SUP012,功率半导体,2025-01-25,2025-02-12,2025-02-10,14700,14571,174,24.03,24.01,1
PO00842,SUP015,模拟芯片,2025-01-25,2025-02-08,2025-02-08,2600,2552,35,17.11,16.97,1
PO01466,SUP025,存储芯片,2025-01-25,2025-03-11,2025-03-10,12500,12318,105,42.2,43.25,1
PO00988,SUP017,模拟芯片,2025-01-26,2025-02-21,2025-02-19,4000,3907,33,15.65,16.7,0
PO01033,SUP018,模拟芯片,2025-01-26,2025-02-24,2025-02-24,9500,9304,83,19.23,19.39,1
PO01084,SUP019,传感器芯片,2025-01-26,2025-03-09,2025-03-07,9000,8888,73,27.56,27.74,1
PO01139,SUP019,传感器芯片,2025-01-26,2025-03-06,2025-03-05,4000,3897,36,27.56,26.27,1
PO01707,SUP029,存储芯片,2025-01-26,2025-03-05,2025-03-05,13200,13104,116,49.51,52.42,0
PO00287,SUP005,MCU控制芯片,2025-01-27,2025-02-20,2025-02-20,10000,9824,160,34.47,39.05,0
PO00637,SUP011,功率半导体,2025-01-27,2025-03-06,2025-03-04,3800,3758,44,25.67,25.39,1
PO01040,SUP018,模拟芯片,2025-01-27,2025-02-24,2025-02-26,6000,5978,45,19.23,19.3,1
PO01121,SUP019,传感器芯片,2025-01-27,2025-03-11,2025-03-11,10000,9785,65,27.56,27.5,1
PO00475,SUP008,功率半导体,2025-01-28,2025-03-04,2025-03-04,10600,10305,393,25.95,25.16,1
PO00508,SUP009,功率半导体,2025-01-28,2025-02-21,2025-02-18,5000,4992,88,23.47,23.25,1
PO01253,SUP021,传感器芯片,2025-01-28,2025-02-24,2025-02-21,11000,10687,96,25.29,25.57,1
PO01651,SUP028,存储芯片,2025-01-28,2025-03-01,2025-03-01,9000,8945,61,42.79,44.35,1
PO01702,SUP029,存储芯片,2025-01-28,2025-03-09,2025-03-06,4500,4402,25,49.51,48.64,1
PO01751,SUP030,存储芯片,2025-01-28,2025-02-11,2025-02-10,5800,5759,51,47.57,47.06,1
PO01157,SUP020,传感器芯片,2025-01-29,2025-03-11,2025-03-08,5800,5515,250,24.01,24.77,1
PO00445,SUP008,功率半导体,2025-01-30,2025-03-12,2025-03-12,10800,10218,388,25.95,26.61,1
PO01315,SUP022,传感器芯片,2025-01-30,2025-02-19,2025-02-16,14500,14196,100,30.23,30.84,1
PO01539,SUP026,存储芯片,2025-01-30,2025-03-11,2025-03-08,5200,5080,34,48.9,49.85,1
PO01267,SUP022,传感器芯片,2025-01-31,2025-02-18,2025-02-15,11500,11414,92,30.23,30.41,1
PO01316,SUP022,传感器芯片,2025-01-31,2025-02-23,2025-02-21,11000,10735,92,30.23,31.07,1
PO01433,SUP024,传感器芯片,2025-01-31,2025-02-23,2025-02-23,7500,6734,353,24.89,24.6,1
PO01773,SUP030,存储芯片,2025-01-31,2025-02-16,2025-02-14,12600,12277,104,47.57,49.35,1
PO00422,SUP008,功率半导体,2025-02-01,2025-03-11,2025-03-11,2900,2899,140,25.95,26.29,1
PO00604,SUP011,功率半导体,2025-02-01,2025-03-06,2025-03-04,13200,12935,163,25.67,24.99,1
PO00978,SUP017,模拟芯片,2025-02-01,2025-02-23,2025-02-21,8500,8371,79,15.65,15.53,1
PO01643,SUP028,存储芯片,2025-02-01,2025-03-03,2025-03-03,10000,9887,89,42.79,42.38,1
PO00246,SUP005,MCU控制芯片,2025-02-02,2025-02-26,2025-02-23,2500,2499,33,34.47,42.5,0
PO00582,SUP010,功率半导体,2025-02-02,2025-03-10,2025-03-07,6800,6776,53,21.51,21.41,1
PO01551,SUP026,存储芯片,2025-02-02,2025-03-11,2025-03-09,6900,6740,41,48.9,49.54,1
PO01623,SUP028,存储芯片,2025-02-02,2025-03-02,2025-02-27,2500,2448,21,42.79,43.67,1
PO01644,SUP028,存储芯片,2025-02-02,2025-03-04,2025-03-03,7000,6850,66,42.79,43.37,1
PO01755,SUP030,存储芯片,2025-02-02,2025-02-21,2025-02-18,5000,4996,51,47.57,47.55,1
PO00150,SUP003,MCU控制芯片,2025-02-03,2025-03-03,2025-02-28,7500,7347,67,32.91,33.28,1
PO00237,SUP004,MCU控制芯片,2025-02-03,2025-03-20,2025-03-17,14200,14026,196,32.43,41.68,0
PO01579,SUP027,存储芯片,2025-02-03,2025-03-05,2025-03-20,5300,4974,278,51.65,44.62,1
PO01760,SUP030,存储芯片,2025-02-03,2025-02-21,2025-02-20,4200,4177,30,47.57,47.25,1
PO00180,SUP003,MCU控制芯片,2025-02-04,2025-03-07,2025-03-06,5000,4941,37,32.91,32.64,1
PO00758,SUP013,模拟芯片,2025-02-04,2025-03-03,2025-03-03,3700,3644,33,19.27,18.89,1
PO01081,SUP019,传感器芯片,2025-02-04,2025-03-15,2025-03-14,8500,8310,65,27.56,28.13,1
PO00614,SUP011,功率半导体,2025-02-05,2025-03-14,2025-03-12,3400,3384,44,25.67,26.99,1
PO00711,SUP012,功率半导体,2025-02-05,2025-02-23,2025-02-20,11200,11156,152,24.03,24.35,1
PO01395,SUP024,传感器芯片,2025-02-05,2025-03-03,2025-02-28,8000,7450,400,24.89,25.44,1
PO01622,SUP028,存储芯片,2025-02-05,2025-03-07,2025-03-06,8000,7827,59,42.79,41.81,1
PO01639,SUP028,存储芯片,2025-02-05,2025-03-07,2025-03-07,7000,6978,59,42.79,43.03,1
PO01749,SUP030,存储芯片,2025-02-05,2025-02-19,2025-02-16,5000,4975,57,47.57,47.96,1
PO00337,SUP006,MCU控制芯片,2025-02-06,2025-03-16,2025-03-15,14400,14330,588,32.85,33.3,1
PO00681,SUP012,功率半导体,2025-02-06,2025-02-23,2025-02-20,8600,8270,101,24.03,24.52,1
PO01665,SUP028,存储芯片,2025-02-06,2025-03-10,2025-03-09,15000,14686,104,42.79,42.09,1
PO01736,SUP029,存储芯片,2025-02-06,2025-03-16,2025-03-16,3900,3794,31,49.51,49.83,1
PO00554,SUP010,功率半导体,2025-02-07,2025-03-21,2025-03-18,4700,4616,41,21.51,22.04,1
PO00557,SUP010,功率半导体,2025-02-07,2025-03-18,2025-03-15,15000,14740,128,21.51,21.32,1
PO00950,SUP016,模拟芯片,2025-02-07,2025-03-25,2025-03-25,2600,2589,13,16.57,16.79,1
PO01119,SUP019,传感器芯片,2025-02-07,2025-03-19,2025-03-17,6500,6350,66,27.56,27.32,1
PO01290,SUP022,传感器芯片,2025-02-07,2025-02-28,2025-02-25,14500,14109,129,30.23,30.02,1
PO01718,SUP029,存储芯片,2025-02-07,2025-03-17,2025-03-17,5800,5788,58,49.51,49.01,1
PO00466,SUP008,功率半导体,2025-02-08,2025-03-20,2025-03-18,6000,5696,214,25.95,25.72,1
PO00491,SUP009,功率半导体,2025-02-08,2025-03-05,2025-03-04,10000,9775,151,23.47,27.23,0
PO00857,SUP015,模拟芯片,2025-02-08,2025-02-20,2025-02-25,8000,7811,102,17.11,17.09,1
PO01176,SUP020,传感器芯片,2025-02-08,2025-03-19,2025-03-18,13600,13486,533,24.01,23.76,1
PO01353,SUP023,传感器芯片,2025-02-08,2025-03-03,2025-03-02,15000,14754,125,29.62,30.06,1
PO01547,SUP026,存储芯片,2025-02-08,2025-03-19,2025-03-18,11400,11108,84,48.9,47.6,1
PO00152,SUP003,MCU控制芯片,2025-02-09,2025-03-07,2025-03-06,14000,13608,93,32.91,33.05,1
PO00599,SUP010,功率半导体,2025-02-09,2025-03-21,2025-03-26,12700,12540,95,21.51,21.53,1
PO01003,SUP017,模拟芯片,2025-02-09,2025-03-06,2025-03-06,3000,2929,22,15.65,15.59,1
PO01045,SUP018,模拟芯片,2025-02-09,2025-03-09,2025-03-09,14500,14451,117,19.23,18.85,1
PO01088,SUP019,传感器芯片,2025-02-09,2025-03-20,2025-03-18,15000,14860,123,27.56,27.4,1
PO01340,SUP023,传感器芯片,2025-02-09,2025-03-04,2025-03-03,5400,5314,40,29.62,32.02,0
PO01486,SUP025,存储芯片,2025-02-09,2025-03-23,2025-03-23,6000,5909,48,42.2,42.59,1
PO01603,SUP027,存储芯片,2025-02-09,2025-03-13,2025-03-13,14300,12657,725,51.65,55.21,1
PO00066,SUP002,MCU控制芯片,2025-02-10,2025-03-10,2025-03-10,6400,6291,53,34.81,34.03,1
PO00189,SUP004,MCU控制芯片,2025-02-10,2025-03-24,2025-03-24,5800,5671,78,32.43,30.16,1
PO01056,SUP018,模拟芯片,2025-02-10,2025-03-15,2025-03-17,3500,3426,32,19.23,19.01,1
PO01678,SUP028,存储芯片,2025-02-10,2025-03-15,2025-03-13,4000,3994,36,42.79,43.08,1
PO01774,SUP030,存储芯片,2025-02-10,2025-02-28,2025-02-27,6800,6740,51,47.57,47.82,1
PO00014,SUP001,MCU控制芯片,2025-02-11,2025-03-18,2025-03-17,8000,7278,385,40.43,52.18,1
PO00147,SUP003,MCU控制芯片,2025-02-11,2025-03-09,2025-03-13,6500,6345,49,32.91,32.62,1
PO01141,SUP020,传感器芯片,2025-02-11,2025-03-23,2025-03-23,13900,13736,512,24.01,23.36,1
PO01393,SUP024,传感器芯片,2025-02-11,2025-03-07,2025-03-24,15000,14571,779,24.89,28.56,0
PO01103,SUP019,传感器芯片,2025-02-12,2025-03-22,2025-03-19,5000,4969,39,27.56,28.05,1
PO01109,SUP019,传感器芯片,2025-02-12,2025-03-24,2025-03-24,3000,2961,19,27.56,27.37,1
PO01104,SUP019,传感器芯片,2025-02-13,2025-03-25,2025-03-23,3500,3440,27,27.56,27.23,1
PO01602,SUP027,存储芯片,2025-02-13,2025-03-12,2025-03-12,8200,7873,429,51.65,45.5,1
PO00074,SUP002,MCU控制芯片,2025-02-14,2025-03-17,2025-03-18,9200,9085,63,34.81,34.7,1
PO01014,SUP017,模拟芯片,2025-02-14,2025-03-09,2025-03-12,12500,12462,102,15.65,15.47,1
PO01726,SUP029,存储芯片,2025-02-14,2025-03-20,2025-03-17,6400,6311,48,49.51,49.98,1
PO00516,SUP009,功率半导体,2025-02-15,2025-03-10,2025-03-09,4000,3854,56,23.47,27.35,0
PO00850,SUP015,模拟芯片,2025-02-15,2025-03-01,2025-02-26,6200,6093,69,17.11,17.16,1
PO01145,SUP020,传感器芯片,2025-02-15,2025-03-28,2025-03-27,5500,5498,218,24.01,23.91,1
PO01744,SUP030,存储芯片,2025-02-15,2025-03-05,2025-03-02,13000,12963,101,47.57,47.32,1
PO00200,SUP004,MCU控制芯片,2025-02-16,2025-03-28,2025-03-26,13800,13489,203,32.43,30.63,1
PO00628,SUP011,功率半导体,2025-02-16,2025-03-26,2025-03-23,4000,3717,63,25.67,26.55,1
PO00996,SUP017,模拟芯片,2025-02-16,2025-03-11,2025-03-10,8000,7760,51,15.65,15.81,1
PO01770,SUP030,存储芯片,2025-02-16,2025-03-03,2025-03-03,9800,9607,70,47.57,48.51,1
PO00769,SUP013,模拟芯片,2025-02-17,2025-03-19,2025-03-18,2800,2775,25,19.27,19.99,1
PO01417,SUP024,传感器芯片,2025-02-17,2025-03-14,2025-03-30,5500,5125,280,24.89,25.0,0
PO01706,SUP029,存储芯片,2025-02-17,2025-03-27,2025-03-27,3000,2941,18,49.51,48.83,1
PO01753,SUP030,存储芯片,2025-02-17,2025-03-03,2025-02-28,12000,11890,97,47.57,46.28,1
PO00431,SUP008,功率半导体,2025-02-19,2025-03-31,2025-03-29,11100,11040,436,25.95,26.34,1
PO00492,SUP009,功率半导体,2025-02-19,2025-03-17,2025-03-22,14000,13613,211,23.47,21.98,1
PO00415,SUP007,功率半导体,2025-02-20,2025-03-21,2025-03-21,3000,2941,25,25.7,26.03,1
PO00556,SUP010,功率半导体,2025-02-20,2025-03-28,2025-03-26,9200,9151,86,21.51,21.21,1
PO00853,SUP015,模拟芯片,2025-02-20,2025-03-08,2025-03-08,2200,2089,18,17.11,16.89,1
PO01286,SUP022,传感器芯片,2025-02-20,2025-03-11,2025-03-11,13000,12866,97,30.23,30.47,1
PO01652,SUP028,存储芯片,2025-02-20,2025-03-24,2025-03-25,10500,10295,87,42.79,42.99,1
PO00719,SUP012,功率半导体,2025-02-21,2025-03-08,2025-03-07,13500,13443,161,24.03,23.62,1
PO00816,SUP014,模拟芯片,2025-02-21,2025-03-25,2025-03-25,6500,6432,52,19.84,20.29,1
PO00822,SUP014,模拟芯片,2025-02-21,2025-03-27,2025-03-30,3500,3477,35,19.84,20.48,1
PO01347,SUP023,传感器芯片,2025-02-21,2025-03-16,2025-03-13,5600,5453,59,29.62,28.31,1
PO01703,SUP029,存储芯片,2025-02-21,2025-04-02,2025-04-01,11400,11211,86,49.51,50.92,1
PO00264,SUP005,MCU控制芯片,2025-02-22,2025-03-19,2025-03-24,14000,13979,208,34.47,37.85,1
PO00694,SUP012,功率半导体,2025-02-22,2025-03-11,2025-03-09,12100,11316,151,24.03,23.81,1
PO01022,SUP018,模拟芯片,2025-02-22,2025-03-26,2025-03-26,13500,13133,97,19.23,18.76,1
PO00576,SUP010,功率半导体,2025-02-23,2025-04-06,2025-04-03,14100,14023,91,21.51,22.09,1
PO00981,SUP017,模拟芯片,2025-02-23,2025-03-19,2025-03-17,9000,8899,67,15.65,15.68,1
PO00037,SUP001,MCU控制芯片,2025-02-24,2025-03-27,2025-04-09,6000,5577,319,40.43,35.91,1
PO00301,SUP006,MCU控制芯片,2025-02-24,2025-03-31,2025-03-28,10000,9490,383,32.85,32.75,1
PO00307,SUP006,MCU控制芯片,2025-02-24,2025-03-31,2025-03-31,4000,3993,149,32.85,32.28,1
PO00974,SUP017,模拟芯片,2025-02-24,2025-03-17,2025-03-19,8000,7913,61,15.65,15.65,1
PO00007,SUP001,MCU控制芯片,2025-02-25,2025-04-03,2025-03-31,13600,13426,760,40.43,38.77,1
PO00253,SUP005,MCU控制芯片,2025-02-25,2025-03-26,2025-03-26,3000,2954,33,34.47,32.87,1
PO00995,SUP017,模拟芯片,2025-02-25,2025-03-17,2025-03-16,6500,6452,64,15.65,15.43,1
PO01357,SUP023,传感器芯片,2025-02-25,2025-03-26,2025-03-24,8800,8590,65,29.62,30.0,1
PO01423,SUP024,传感器芯片,2025-02-25,2025-03-21,2025-03-31,5500,4942,270,24.89,26.26,1
PO01654,SUP028,存储芯片,2025-02-25,2025-03-28,2025-04-01,13500,13456,115,42.79,43.15,1
PO01689,SUP029,存储芯片,2025-02-25,2025-04-04,2025-04-02,3100,3071,23,49.51,49.43,1
PO01746,SUP030,存储芯片,2025-02-25,2025-03-14,2025-03-12,6000,5890,54,47.57,47.61,1
PO00016,SUP001,MCU控制芯片,2025-02-26,2025-03-30,2025-04-06,11400,10271,540,40.43,41.06,1
PO00110,SUP002,MCU控制芯片,2025-02-26,2025-03-24,2025-03-22,11300,11021,92,34.81,35.23,1
PO00115,SUP002,MCU控制芯片,2025-02-26,2025-03-23,2025-03-23,11800,11505,82,34.81,34.67,1
PO00357,SUP006,MCU控制芯片,2025-02-26,2025-04-05,2025-04-03,13800,13177,507,32.85,32.96,1
PO00552,SUP010,功率半导体,2025-02-26,2025-04-03,2025-04-07,9600,9420,72,21.51,22.26,1
PO00148,SUP003,MCU控制芯片,2025-02-27,2025-03-26,2025-03-24,5500,5438,40,32.91,32.14,1
PO00664,SUP012,功率半导体,2025-02-27,2025-03-16,2025-03-14,7400,6855,81,24.03,24.57,1
PO00686,SUP012,功率半导体,2025-02-27,2025-03-14,2025-03-11,7300,7081,91,24.03,23.71,1
PO00896,SUP015,模拟芯片,2025-02-27,2025-03-11,2025-03-23,10600,9860,110,17.11,17.25,1
PO01011,SUP017,模拟芯片,2025-02-27,2025-03-20,2025-03-18,10000,9718,89,15.65,15.52,1
PO00502,SUP009,功率半导体,2025-02-28,2025-03-22,2025-03-22,6500,6252,75,23.47,21.13,1
PO00585,SUP010,功率半导体,2025-02-28,2025-04-09,2025-04-07,9000,8856,78,21.51,21.42,1
PO00743,SUP013,模拟芯片,2025-02-28,2025-03-31,2025-03-29,4100,3993,39,19.27,19.43,1
PO00953,SUP016,模拟芯片,2025-02-28,2025-04-13,2025-04-10,3400,3356,16,16.57,16.13,1
PO01203,SUP021,传感器芯片,2025-02-28,2025-03-30,2025-03-30,13000,12997,98,25.29,25.08,1
PO01207,SUP021,传感器芯片,2025-02-28,2025-04-01,2025-03-29,5500,5499,47,25.29,25.4,1
PO01319,SUP022,传感器芯片,2025-02-28,2025-03-19,2025-03-17,2500,2490,23,30.23,30.29,1
PO00044,SUP001,MCU控制芯片,2025-03-01,2025-04-04,2025-04-15,8000,7185,370,40.43,36.38,0
PO01276,SUP022,传感器芯片,2025-03-01,2025-03-18,2025-03-17,6500,6497,55,30.23,30.19,1
PO00291,SUP005,MCU控制芯片,2025-03-02,2025-03-30,2025-03-28,3500,3375,53,34.47,29.45,1
PO00678,SUP012,功率半导体,2025-03-02,2025-03-15,2025-03-13,3700,3526,41,24.03,24.02,1
PO00893,SUP015,模拟芯片,2025-03-02,2025-03-15,2025-03-13,11800,11609,164,17.11,16.7,1
PO01518,SUP026,存储芯片,2025-03-02,2025-04-09,2025-04-09,8400,8288,68,48.9,49.29,1
PO01734,SUP029,存储芯片,2025-03-02,2025-04-08,2025-04-05,14500,14481,96,49.51,47.67,1
PO00499,SUP009,功率半导体,2025-03-03,2025-03-26,2025-03-23,12500,12486,196,23.47,23.09,1
PO00531,SUP009,功率半导体,2025-03-03,2025-03-27,2025-04-03,4500,4438,68,23.47,24.77,1
PO00859,SUP015,模拟芯片,2025-03-03,2025-03-17,2025-03-24,12200,12070,137,17.11,17.4,1
PO01184,SUP020,传感器芯片,2025-03-03,2025-04-12,2025-04-09,13900,13663,511,24.01,23.83,1
PO00245,SUP005,MCU控制芯片,2025-03-04,2025-04-02,2025-03-30,3000,2854,35,34.47,35.48,0
PO00862,SUP015,模拟芯片,2025-03-04,2025-03-22,2025-03-22,9200,8550,106,17.11,17.0,1
PO01159,SUP020,传感器芯片,2025-03-04,2025-04-11,2025-04-14,3700,3529,123,24.01,23.64,1
PO01374,SUP023,传感器芯片,2025-03-04,2025-03-31,2025-03-28,4000,3946,36,29.62,30.14,1
PO01383,SUP024,传感器芯片,2025-03-04,2025-04-01,2025-03-31,7500,7193,401,24.89,26.15,1
PO01509,SUP026,存储芯片,2025-03-04,2025-04-09,2025-04-09,9300,9288,69,48.9,48.77,1
PO00207,SUP004,MCU控制芯片,2025-03-05,2025-04-20,2025-04-17,4600,4426,64,32.43,31.32,1
PO00330,SUP006,MCU控制芯片,2025-03-05,2025-04-11,2025-04-10,10900,10272,428,32.85,36.64,0
PO00446,SUP008,功率半导体,2025-03-05,2025-04-09,2025-04-07,5000,4718,201,25.95,25.63,1
PO00592,SUP010,功率半导体,2025-03-05,2025-04-13,2025-04-10,12600,12411,114,21.51,21.88,1
PO01032,SUP018,模拟芯片,2025-03-05,2025-04-01,2025-03-31,8000,7897,81,19.23,18.83,1
PO00638,SUP011,功率半导体,2025-03-06,2025-04-10,2025-04-14,3400,3302,44,25.67,24.58,1
PO00907,SUP016,模拟芯片,2025-03-06,2025-04-22,2025-04-21,14400,14071,110,16.57,16.22,1
PO01230,SUP021,传感器芯片,2025-03-06,2025-04-08,2025-04-07,14000,13863,123,25.29,25.85,1
PO00580,SUP010,功率半导体,2025-03-07,2025-04-12,2025-04-12,5900,5866,55,21.51,20.86,1
PO00866,SUP015,模拟芯片,2025-03-07,2025-03-21,2025-03-31,4800,4755,65,17.11,17.19,1
PO01358,SUP023,传感器芯片,2025-03-07,2025-04-02,2025-03-31,6800,6747,58,29.62,28.75,1
PO01555,SUP026,存储芯片,2025-03-07,2025-04-16,2025-04-16,9200,8986,65,48.9,50.51,1
PO01686,SUP029,存储芯片,2025-03-07,2025-04-14,2025-04-13,2400,2387,7,49.51,49.11,1
PO00151,SUP003,MCU控制芯片,2025-03-08,2025-04-08,2025-04-05,13000,12804,110,32.91,31.45,1
PO01234,SUP021,传感器芯片,2025-03-08,2025-04-04,2025-04-03,10000,9858,65,25.29,25.27,1
PO00807,SUP014,模拟芯片,2025-03-09,2025-04-09,2025-04-08,7500,7291,54,19.84,19.85,1
PO00457,SUP008,功率半导体,2025-03-10,2025-04-20,2025-04-18,2200,2085,70,25.95,25.97,1
PO00471,SUP008,功率半导体,2025-03-10,2025-04-19,2025-04-16,11800,11494,464,25.95,25.51,1
PO00947,SUP016,模拟芯片,2025-03-10,2025-04-25,2025-04-22,6800,6723,64,16.57,16.43,1
PO01487,SUP025,存储芯片,2025-03-10,2025-04-21,2025-04-20,9000,8755,64,42.2,42.93,1
PO01754,SUP030,存储芯片,2025-03-10,2025-03-30,2025-03-27,12200,12137,99,47.57,47.23,1
PO00214,SUP004,MCU控制芯片,2025-03-11,2025-04-20,2025-04-20,13000,12561,183,32.43,32.4,1
PO00417,SUP007,功率半导体,2025-03-11,2025-04-11,2025-04-08,3600,3596,38,25.7,26.33,1
PO00447,SUP008,功率半导体,2025-03-11,2025-04-15,2025-04-18,7900,7889,286,25.95,27.61,0
PO00487,SUP009,功率半导体,2025-03-11,2025-04-06,2025-04-03,11000,10873,161,23.47,23.59,1
PO01507,SUP026,存储芯片,2025-03-11,2025-04-15,2025-04-15,11100,10944,83,48.9,48.07,1
PO01549,SUP026,存储芯片,2025-03-11,2025-04-17,2025-04-18,14300,13920,110,48.9,49.54,1
PO01674,SUP028,存储芯片,2025-03-11,2025-04-09,2025-04-06,10500,10320,82,42.79,42.95,1
PO00045,SUP001,MCU控制芯片,2025-03-12,2025-04-15,2025-04-13,8600,7655,402,40.43,39.71,1
PO00167,SUP003,MCU控制芯片,2025-03-12,2025-04-09,2025-04-07,7500,7337,64,32.91,32.8,1
PO00201,SUP004,MCU控制芯片,2025-03-13,2025-04-26,2025-04-23,8600,8299,133,32.43,36.55,0
PO00739,SUP013,模拟芯片,2025-03-13,2025-04-14,2025-04-12,8100,8056,64,19.27,19.39,1
PO00810,SUP014,模拟芯片,2025-03-13,2025-04-13,2025-04-13,13000,12881,103,19.84,19.29,1
PO00909,SUP016,模拟芯片,2025-03-13,2025-04-30,2025-04-29,7400,7344,54,16.57,16.42,1
PO01376,SUP023,传感器芯片,2025-03-13,2025-04-10,2025-04-10,3800,3784,19,29.62,30.27,1
PO00640,SUP011,功率半导体,2025-03-14,2025-04-18,2025-04-22,6000,5851,62,25.67,25.59,1
PO00906,SUP016,模拟芯片,2025-03-14,2025-04-27,2025-04-25,5200,5091,46,16.57,16.53,1
PO00984,SUP017,模拟芯片,2025-03-14,2025-04-06,2025-04-03,4000,3967,26,15.65,16.12,1
PO01170,SUP020,传感器芯片,2025-03-14,2025-04-18,2025-04-17,11300,10991,453,24.01,23.59,1
PO01249,SUP021,传感器芯片,2025-03-14,2025-04-12,2025-04-10,5000,4991,46,25.29,24.99,1
PO01329,SUP023,传感器芯片,2025-03-14,2025-04-08,2025-04-05,8800,8573,63,29.62,30.15,1
PO00104,SUP002,MCU控制芯片,2025-03-15,2025-04-14,2025-04-11,7800,7571,60,34.81,34.52,1
PO00269,SUP005,MCU控制芯片,2025-03-15,2025-04-10,2025-04-07,12000,11936,160,34.47,31.79,1
PO01026,SUP018,模拟芯片,2025-03-15,2025-04-12,2025-04-12,8000,7882,62,19.23,19.77,1
PO01227,SUP021,传感器芯片,2025-03-15,2025-04-14,2025-04-11,10500,10256,83,25.29,25.59,1
PO01503,SUP026,存储芯片,2025-03-15,2025-04-24,2025-04-26,2200,2156,18,48.9,49.02,1
PO00082,SUP002,MCU控制芯片,2025-03-16,2025-04-15,2025-04-13,10200,9992,82,34.81,34.55,1
PO00379,SUP007,功率半导体,2025-03-16,2025-04-10,2025-04-08,9800,9628,69,25.7,25.04,1
PO00969,SUP017,模拟芯片,2025-03-16,2025-04-11,2025-04-09,12500,12375,114,15.65,15.79,1
PO01098,SUP019,传感器芯片,2025-03-16,2025-04-23,2025-04-22,8500,8443,75,27.56,27.16,1
PO01369,SUP023,传感器芯片,2025-03-16,2025-04-12,2025-04-12,3800,3714,27,29.62,31.66,0
PO01508,SUP026,存储芯片,2025-03-16,2025-04-21,2025-04-20,7500,7410,43,48.9,48.83,1
PO01582,SUP027,存储芯片,2025-03-16,2025-04-16,2025-04-14,7700,7553,390,51.65,45.97,1
PO01757,SUP030,存储芯片,2025-03-16,2025-04-04,2025-04-04,15000,14664,130,47.57,49.18,1
PO01484,SUP025,存储芯片,2025-03-17,2025-05-01,2025-04-28,9500,9420,82,42.2,41.91,1
PO00295,SUP005,MCU控制芯片,2025-03-18,2025-04-14,2025-04-13,6500,6279,89,34.47,32.69,1
PO00474,SUP008,功率半导体,2025-03-18,2025-04-28,2025-04-25,4000,3800,140,25.95,25.88,1
PO00529,SUP009,功率半导体,2025-03-18,2025-04-08,2025-04-07,10000,9595,125,23.47,20.61,1
PO00663,SUP012,功率半导体,2025-03-18,2025-04-03,2025-03-31,14200,13575,149,24.03,23.56,1
PO00703,SUP012,功率半导体,2025-03-18,2025-04-02,2025-04-01,11400,10777,129,24.03,24.51,1
PO00985,SUP017,模拟芯片,2025-03-18,2025-04-10,2025-04-07,6500,6447,48,15.65,15.49,1
PO01636,SUP028,存储芯片,2025-03-18,2025-04-18,2025-04-16,12000,11660,104,42.79,43.38,1
PO00285,SUP005,MCU控制芯片,2025-03-19,2025-04-16,2025-04-15,12500,12004,175,34.47,41.74,0
PO00505,SUP009,功率半导体,2025-03-19,2025-04-11,2025-04-09,15000,14299,182,23.47,21.71,1
PO00527,SUP009,功率半导体,2025-03-19,2025-04-09,2025-04-11,10500,10304,150,23.47,19.75,1
PO00572,SUP010,功率半导体,2025-03-19,2025-04-27,2025-04-24,14800,14562,123,21.51,21.87,1
PO00836,SUP014,模拟芯片,2025-03-19,2025-04-18,2025-04-18,3500,3431,20,19.84,20.45,1
PO01214,SUP021,传感器芯片,2025-03-19,2025-04-21,2025-04-18,3000,2945,26,25.29,24.94,1
PO01409,SUP024,传感器芯片,2025-03-19,2025-04-11,2025-04-24,8500,7682,419,24.89,23.74,1
PO01694,SUP029,存储芯片,2025-03-19,2025-04-26,2025-04-23,8000,7889,60,49.51,49.41,1
PO01765,SUP030,存储芯片,2025-03-19,2025-04-05,2025-04-05,6600,6536,50,47.57,48.21,1
PO00616,SUP011,功率半导体,2025-03-20,2025-04-23,2025-04-21,5800,5391,66,25.67,26.25,1
PO00772,SUP013,模拟芯片,2025-03-20,2025-04-17,2025-04-21,4700,4692,40,19.27,19.46,1
PO01091,SUP019,传感器芯片,2025-03-20,2025-04-29,2025-04-29,4000,3920,30,27.56,27.9,1
PO00289,SUP005,MCU控制芯片,2025-03-21,2025-04-18,2025-04-15,9000,8709,120,34.47,31.01,0
PO00414,SUP007,功率半导体,2025-03-21,2025-04-16,2025-04-14,3400,3391,27,25.7,25.67,1
PO00547,SUP010,功率半导体,2025-03-21,2025-04-26,2025-04-25,8400,8180,68,21.51,20.82,1
PO01239,SUP021,传感器芯片,2025-03-21,2025-04-18,2025-04-24,3000,2998,18,25.29,25.33,1
PO00118,SUP002,MCU控制芯片,2025-03-22,2025-04-17,2025-04-17,2800,2799,17,34.81,35.17,1
PO00293,SUP005,MCU控制芯片,2025-03-22,2025-04-15,2025-04-12,7000,6877,105,34.47,35.41,0
PO00757,SUP013,模拟芯片,2025-03-22,2025-04-20,2025-04-25,11500,11360,82,19.27,19.19,1
PO00844,SUP015,模拟芯片,2025-03-22,2025-04-06,2025-04-04,13600,13191,182,17.11,17.6,1
PO01404,SUP024,传感器芯片,2025-03-22,2025-04-18,2025-04-17,12000,11841,641,24.89,24.51,0
PO01510,SUP026,存储芯片,2025-03-22,2025-05-01,2025-04-28,6900,6700,48,48.9,48.48,1
PO01583,SUP027,存储芯片,2025-03-22,2025-04-23,2025-04-22,2400,2320,142,51.65,60.7,1
PO01764,SUP030,存储芯片,2025-03-22,2025-04-06,2025-04-03,11200,11043,95,47.57,46.77,1
PO00182,SUP004,MCU控制芯片,2025-03-23,2025-05-07,2025-05-06,5000,4883,80,32.43,36.79,0
PO00347,SUP006,MCU控制芯片,2025-03-23,2025-04-26,2025-04-25,9400,9001,376,32.85,33.11,1
PO00396,SUP007,功率半导体,2025-03-23,2025-04-19,2025-04-18,10200,10182,99,25.7,25.86,1
PO00786,SUP014,模拟芯片,2025-03-23,2025-04-27,2025-04-24,8000,7861,85,19.84,19.67,1
PO00827,SUP014,模拟芯片,2025-03-23,2025-04-21,2025-04-19,12000,11896,95,19.84,19.78,1
PO00881,SUP015,模拟芯片,2025-03-23,2025-04-08,2025-04-18,10400,9609,108,17.11,17.52,1
PO01064,SUP018,模拟芯片,2025-03-23,2025-04-22,2025-04-21,12000,11944,80,19.23,19.13,1
PO01489,SUP025,存储芯片,2025-03-23,2025-05-04,2025-05-04,9500,9410,76,42.2,41.99,1
PO01638,SUP028,存储芯片,2025-03-23,2025-04-22,2025-04-22,6500,6347,47,42.79,43.24,1
PO00321,SUP006,MCU控制芯片,2025-03-24,2025-04-26,2025-04-25,12200,12025,492,32.85,33.54,1
PO00633,SUP011,功率半导体,2025-03-24,2025-04-26,2025-04-23,11200,10625,112,25.67,25.8,1
PO00600,SUP010,功率半导体,2025-03-25,2025-04-30,2025-04-29,4500,4404,32,21.51,21.46,1
PO00726,SUP013,模拟芯片,2025-03-25,2025-04-21,2025-04-20,13400,13182,119,19.27,19.21,1
PO00819,SUP014,模拟芯片,2025-03-25,2025-04-24,2025-04-22,4000,3992,26,19.84,19.68,1
PO00940,SUP016,模拟芯片,2025-03-25,2025-05-11,2025-05-10,11800,11661,102,16.57,16.62,1
PO01293,SUP022,传感器芯片,2025-03-25,2025-04-17,2025-04-14,5000,4931,36,30.23,30.02,1
PO01209,SUP021,传感器芯片,2025-03-26,2025-04-28,2025-04-25,11000,10892,98,25.29,24.54,1
PO01419,SUP024,传感器芯片,2025-03-26,2025-04-19,2025-04-30,13000,12236,644,24.89,22.99,1
PO00168,SUP003,MCU控制芯片,2025-03-27,2025-04-26,2025-04-23,12000,11717,84,32.91,33.08,1
PO00334,SUP006,MCU控制芯片,2025-03-27,2025-04-29,2025-05-04,13100,12593,492,32.85,33.09,1
PO00372,SUP007,功率半导体,2025-03-27,2025-04-23,2025-04-22,6200,6086,58,25.7,26.12,1
PO00882,SUP015,模拟芯片,2025-03-27,2025-04-11,2025-04-10,2200,2136,19,17.11,17.14,1
PO01522,SUP026,存储芯片,2025-03-27,2025-05-04,2025-05-04,2100,2043,19,48.9,47.65,1
PO01575,SUP027,存储芯片,2025-03-27,2025-04-22,2025-05-02,11300,10084,552,51.65,57.08,0
PO00395,SUP007,功率半导体,2025-03-28,2025-04-23,2025-04-22,6400,6225,54,25.7,25.73,1
PO00569,SUP010,功率半导体,2025-03-28,2025-05-05,2025-05-05,12800,12537,87,21.51,21.85,1
PO00943,SUP016,模拟芯片,2025-03-28,2025-05-14,2025-05-11,7000,6818,57,16.57,16.86,1
PO01100,SUP019,传感器芯片,2025-03-28,2025-05-04,2025-05-12,10500,10286,84,27.56,26.96,1
PO01506,SUP026,存储芯片,2025-03-28,2025-05-06,2025-05-06,9000,8977,67,48.9,49.55,1
PO01617,SUP027,存储芯片,2025-03-28,2025-04-24,2025-04-22,7200,7058,412,51.65,47.06,1
PO00135,SUP003,MCU控制芯片,2025-03-29,2025-04-27,2025-04-26,3000,2981,22,32.91,33.9,1
PO00802,SUP014,模拟芯片,2025-03-29,2025-04-28,2025-04-26,14000,13739,114,19.84,19.38,1
PO01406,SUP024,传感器芯片,2025-03-29,2025-04-27,2025-05-14,9000,8722,476,24.89,25.94,0
PO01567,SUP027,存储芯片,2025-03-29,2025-04-27,2025-04-24,13100,11682,629,51.65,57.94,1
PO01630,SUP028,存储芯片,2025-03-29,2025-04-26,2025-04-23,8500,8281,67,42.79,42.81,1
PO00611,SUP011,功率半导体,2025-03-30,2025-05-04,2025-05-18,3800,3726,38,25.67,24.83,1
PO00707,SUP012,功率半导体,2025-03-30,2025-04-12,2025-04-09,10400,9793,124,24.03,23.9,1
PO01350,SUP023,传感器芯片,2025-03-30,2025-04-22,2025-04-27,3800,3787,30,29.62,29.81,1
PO01411,SUP024,传感器芯片,2025-03-30,2025-04-24,2025-05-15,8000,7374,411,24.89,21.7,1
PO01631,SUP028,存储芯片,2025-03-30,2025-05-03,2025-05-01,10000,9704,63,42.79,42.24,1
PO01733,SUP029,存储芯片,2025-03-30,2025-05-04,2025-05-02,4500,4460,29,49.51,49.46,1
PO00142,SUP003,MCU控制芯片,2025-03-31,2025-04-26,2025-04-23,13500,13352,112,32.91,32.65,1
PO00313,SUP006,MCU控制芯片,2025-03-31,2025-05-05,2025-05-05,5400,5364,207,32.85,32.08,1
PO00954,SUP016,模拟芯片,2025-03-31,2025-05-15,2025-05-12,14000,13675,91,16.57,16.68,1
PO01001,SUP017,模拟芯片,2025-03-31,2025-04-20,2025-04-18,14500,14367,110,15.65,15.46,1
PO01132,SUP019,传感器芯片,2025-03-31,2025-05-10,2025-05-10,11500,11282,96,27.56,27.85,1
PO00103,SUP002,MCU控制芯片,2025-04-01,2025-04-27,2025-04-25,11700,11539,83,34.81,35.36,1
PO00712,SUP012,功率半导体,2025-04-01,2025-04-19,2025-04-16,10200,10172,116,24.03,24.05,1
PO01310,SUP022,传感器芯片,2025-04-01,2025-04-22,2025-04-24,8500,8436,55,30.23,29.89,1
PO01450,SUP025,存储芯片,2025-04-01,2025-05-14,2025-05-11,8000,7967,62,42.2,42.28,1
PO00805,SUP014,模拟芯片,2025-04-02,2025-05-05,2025-05-04,10500,10285,74,19.84,19.72,1
PO00820,SUP014,模拟芯片,2025-04-02,2025-05-05,2025-05-03,2500,2488,22,19.84,19.83,1
PO00910,SUP016,模拟芯片,2025-04-02,2025-05-19,2025-05-16,7000,6864,52,16.57,16.81,1
PO01013,SUP017,模拟芯片,2025-04-02,2025-04-23,2025-04-22,11500,11378,98,15.65,15.1,1
PO01610,SUP027,存储芯片,2025-04-02,2025-05-02,2025-05-02,5700,5429,299,51.65,53.37,1
PO01451,SUP025,存储芯片,2025-04-03,2025-05-15,2025-05-13,4500,4447,35,42.2,41.67,1
PO00229,SUP004,MCU控制芯片,2025-04-04,2025-05-15,2025-05-12,6200,6178,86,32.43,30.4,1
PO01271,SUP022,传感器芯片,2025-04-04,2025-04-24,2025-04-21,6500,6391,57,30.23,30.72,1
PO01449,SUP025,存储芯片,2025-04-04,2025-05-22,2025-05-20,2500,2488,22,42.2,43.2,1
PO00507,SUP009,功率半导体,2025-04-05,2025-04-27,2025-04-28,12500,12144,178,23.47,22.0,1
PO00629,SUP011,功率半导体,2025-04-05,2025-05-08,2025-05-15,11800,11797,152,25.67,26.55,1
PO00733,SUP013,模拟芯片,2025-04-05,2025-05-03,2025-05-03,6600,6456,46,19.27,19.04,1
PO00878,SUP015,模拟芯片,2025-04-05,2025-04-19,2025-04-19,9800,9126,114,17.11,17.22,1
PO01117,SUP019,传感器芯片,2025-04-05,2025-05-12,2025-05-09,14500,14486,109,27.56,27.86,1
PO01175,SUP020,传感器芯片,2025-04-05,2025-05-16,2025-05-14,13500,12870,536,24.01,23.31,1
PO01187,SUP020,传感器芯片,2025-04-05,2025-05-10,2025-05-08,3800,3580,150,24.01,23.65,1
PO01240,SUP021,传感器芯片,2025-04-05,2025-05-05,2025-05-04,10000,9939,78,25.29,25.32,1
PO00235,SUP004,MCU控制芯片,2025-04-06,2025-05-16,2025-05-15,5600,5466,65,32.43,34.17,0
PO00380,SUP007,功率半导体,2025-04-06,2025-05-06,2025-05-04,5600,5437,26,25.7,25.74,1
PO00845,SUP015,模拟芯片,2025-04-06,2025-04-20,2025-04-18,9200,8635,103,17.11,17.02,1
PO00064,SUP002,MCU控制芯片,2025-04-07,2025-05-05,2025-05-05,2700,2628,20,34.81,34.3,1
PO00227,SUP004,MCU控制芯片,2025-04-07,2025-05-23,2025-05-22,11800,11456,169,32.43,41.49,0
PO00230,SUP004,MCU控制芯片,2025-04-07,2025-05-19,2025-05-17,2200,2146,32,32.43,32.88,0
PO00248,SUP005,MCU控制芯片,2025-04-07,2025-05-04,2025-05-03,13500,12926,211,34.47,41.24,0
PO00359,SUP006,MCU控制芯片,2025-04-07,2025-05-10,2025-05-08,5500,5441,216,32.85,32.67,1
PO00416,SUP007,功率半导体,2025-04-07,2025-05-04,2025-05-04,12800,12650,91,25.7,25.26,1
PO01028,SUP018,模拟芯片,2025-04-07,2025-05-08,2025-05-08,4500,4387,41,19.23,19.49,1
PO01041,SUP018,模拟芯片,2025-04-07,2025-05-05,2025-05-04,11000,10790,87,19.23,18.87,1
PO01131,SUP019,传感器芯片,2025-04-07,2025-05-18,2025-05-17,11000,10885,90,27.56,27.57,1
PO01149,SUP020,传感器芯片,2025-04-07,2025-05-16,2025-05-14,5700,5434,207,24.01,23.74,1
PO01407,SUP024,传感器芯片,2025-04-07,2025-05-03,2025-05-19,6500,6339,351,24.89,24.22,1
PO01741,SUP030,存储芯片,2025-04-07,2025-04-24,2025-04-22,2600,2555,20,47.57,47.22,1
PO00173,SUP003,MCU控制芯片,2025-04-08,2025-05-10,2025-05-10,10500,10196,76,32.91,33.49,1
PO00654,SUP011,功率半导体,2025-04-08,2025-05-12,2025-05-26,14600,14276,158,25.67,26.74,1
PO00773,SUP013,模拟芯片,2025-04-08,2025-05-10,2025-05-09,5600,5451,35,19.27,19.4,1
PO01305,SUP022,传感器芯片,2025-04-08,2025-04-25,2025-04-22,5000,4960,42,30.23,30.91,1
PO00403,SUP007,功率半导体,2025-04-09,2025-05-09,2025-05-08,5800,5703,48,25.7,25.63,1
PO00808,SUP014,模拟芯片,2025-04-09,2025-05-14,2025-05-13,3000,2959,28,19.84,20.16,1
PO01218,SUP021,传感器芯片,2025-04-09,2025-05-09,2025-05-06,14000,13924,121,25.29,25.73,1
PO01458,SUP025,存储芯片,2025-04-09,2025-05-23,2025-05-21,3500,3482,27,42.2,41.93,1
PO01536,SUP026,存储芯片,2025-04-09,2025-05-13,2025-05-13,5700,5685,45,48.9,50.03,0
PO01604,SUP027,存储芯片,2025-04-09,2025-05-09,2025-05-06,6800,6362,322,51.65,51.91,0
PO01182,SUP020,传感器芯片,2025-04-10,2025-05-21,2025-05-25,6300,5995,244,24.01,24.04,1
PO01461,SUP025,存储芯片,2025-04-10,2025-05-26,2025-05-25,2500,2499,26,42.2,42.33,1
PO00242,SUP005,MCU控制芯片,2025-04-11,2025-05-05,2025-05-02,8500,8466,127,34.47,37.29,1
PO00326,SUP006,MCU控制芯片,2025-04-11,2025-05-17,2025-05-22,5600,5520,232,32.85,32.85,1
PO00433,SUP008,功率半导体,2025-04-11,2025-05-16,2025-05-20,10100,9627,381,25.95,26.69,1
PO00538,SUP009,功率半导体,2025-04-11,2025-05-05,2025-05-02,7500,7181,105,23.47,23.65,0
PO00646,SUP011,功率半导体,2025-04-11,2025-05-15,2025-05-14,11100,10386,130,25.67,26.08,1
PO01082,SUP019,传感器芯片,2025-04-11,2025-05-20,2025-05-22,14000,13989,98,27.56,27.48,1
PO01482,SUP025,存储芯片,2025-04-11,2025-05-25,2025-05-22,9500,9328,68,42.2,41.55,1
PO01597,SUP027,存储芯片,2025-04-11,2025-05-12,2025-05-10,9400,9220,511,51.65,48.91,1
PO01614,SUP027,存储芯片,2025-04-11,2025-05-08,2025-05-06,13300,13262,719,51.65,47.56,1
PO01650,SUP028,存储芯片,2025-04-11,2025-05-09,2025-05-07,14500,14158,109,42.79,42.79,1
PO01670,SUP028,存储芯片,2025-04-11,2025-05-12,2025-05-11,8000,7965,64,42.79,43.38,1
PO01776,SUP030,存储芯片,2025-04-11,2025-04-28,2025-04-26,14800,14465,119,47.57,46.35,1
PO00381,SUP007,功率半导体,2025-04-12,2025-05-09,2025-05-08,5400,5377,48,25.7,26.03,1
PO00828,SUP014,模拟芯片,2025-04-12,2025-05-17,2025-05-16,5500,5415,45,19.84,19.49,1
PO00938,SUP016,模拟芯片,2025-04-12,2025-05-25,2025-05-24,2400,2340,24,16.57,17.04,1
PO01050,SUP018,模拟芯片,2025-04-12,2025-05-12,2025-05-10,2000,1944,17,19.23,19.32,1
PO01255,SUP021,传感器芯片,2025-04-12,2025-05-14,2025-05-11,9500,9361,71,25.29,25.36,1
PO01424,SUP024,传感器芯片,2025-04-12,2025-05-11,2025-05-11,4500,4420,229,24.89,24.66,0
PO01745,SUP030,存储芯片,2025-04-12,2025-04-28,2025-04-25,9200,9081,52,47.57,47.16,1
PO00370,SUP007,功率半导体,2025-04-13,2025-05-10,2025-05-09,6000,5964,51,25.7,26.04,1
PO00398,SUP007,功率半导体,2025-04-13,2025-05-14,2025-05-13,9000,8981,71,25.7,25.9,1
PO01024,SUP018,模拟芯片,2025-04-13,2025-05-14,2025-05-13,7500,7376,65,19.23,19.35,1
PO01562,SUP027,存储芯片,2025-04-13,2025-05-15,2025-05-28,11000,10756,579,51.65,50.99,1
PO00306,SUP006,MCU控制芯片,2025-04-14,2025-05-23,2025-05-23,4500,4477,191,32.85,32.79,1
PO00759,SUP013,模拟芯片,2025-04-14,2025-05-13,2025-05-13,15000,14925,123,19.27,19.75,1
PO00966,SUP017,模拟芯片,2025-04-14,2025-05-08,2025-05-06,4000,3933,29,15.65,15.95,1
PO01019,SUP017,模拟芯片,2025-04-14,2025-05-08,2025-05-05,7500,7283,68,15.65,15.76,1
PO01038,SUP018,模拟芯片,2025-04-14,2025-05-13,2025-05-12,13000,12946,96,19.23,19.37,1
PO01158,SUP020,传感器芯片,2025-04-14,2025-05-22,2025-05-19,2800,2687,104,24.01,26.09,0
PO00096,SUP002,MCU控制芯片,2025-04-15,2025-05-14,2025-05-16,7200,7012,53,34.81,35.13,1
PO00274,SUP005,MCU控制芯片,2025-04-15,2025-05-14,2025-05-11,13500,13317,195,34.47,31.92,1
PO00639,SUP011,功率半导体,2025-04-15,2025-05-19,2025-05-25,14500,14094,143,25.67,25.15,1
PO01385,SUP024,传感器芯片,2025-04-15,2025-05-13,2025-05-29,15000,13432,720,24.89,28.77,1
PO01504,SUP026,存储芯片,2025-04-15,2025-05-19,2025-05-19,11700,11432,74,48.9,54.09,0
PO00108,SUP002,MCU控制芯片,2025-04-16,2025-05-13,2025-05-13,8000,7961,57,34.81,34.69,1
PO00404,SUP007,功率半导体,2025-04-16,2025-05-13,2025-05-11,8800,8697,86,25.7,25.85,1
PO00710,SUP012,功率半导体,2025-04-16,2025-05-04,2025-05-02,10700,10328,138,24.03,23.86,1
PO00972,SUP017,模拟芯片,2025-04-16,2025-05-12,2025-05-09,12000,11756,89,15.65,15.38,1
PO01133,SUP019,传感器芯片,2025-04-16,2025-05-29,2025-05-29,5500,5465,49,27.56,28.38,1
PO01273,SUP022,传感器芯片,2025-04-16,2025-05-03,2025-05-01,7000,6842,56,30.23,30.04,1
PO01289,SUP022,传感器芯片,2025-04-16,2025-05-07,2025-05-07,6000,5836,39,30.23,31.41,1
PO00243,SUP005,MCU控制芯片,2025-04-17,2025-05-11,2025-05-10,5000,4800,64,34.47,34.51,1
PO00314,SUP006,MCU控制芯片,2025-04-17,2025-05-24,2025-05-23,7200,7089,288,32.85,32.92,1
PO00718,SUP012,功率半导体,2025-04-17,2025-04-30,2025-04-29,13600,13147,168,24.03,24.82,0
PO00771,SUP013,模拟芯片,2025-04-17,2025-05-14,2025-05-12,12200,12116,105,19.27,19.64,1
PO01120,SUP019,传感器芯片,2025-04-17,2025-05-24,2025-05-22,10500,10419,85,27.56,27.08,1
PO01225,SUP021,传感器芯片,2025-04-17,2025-05-14,2025-05-14,15000,14851,124,25.29,25.48,1
PO00087,SUP002,MCU控制芯片,2025-04-18,2025-05-18,2025-05-15,7300,7117,61,34.81,34.46,1
PO00371,SUP007,功率半导体,2025-04-18,2025-05-19,2025-05-16,13200,12995,115,25.7,25.61,1
PO00542,SUP010,功率半导体,2025-04-18,2025-05-28,2025-05-25,7500,7445,83,21.51,21.86,1
PO00595,SUP010,功率半导体,2025-04-18,2025-05-25,2025-05-30,9600,9465,64,21.51,21.66,1
PO00695,SUP012,功率半导体,2025-04-18,2025-05-04,2025-05-04,13600,13353,158,24.03,24.3,1
PO00801,SUP014,模拟芯片,2025-04-18,2025-05-23,2025-05-20,15000,14871,132,19.84,19.79,1
PO01188,SUP020,传感器芯片,2025-04-18,2025-05-28,2025-05-27,6200,5930,247,24.01,23.87,1
PO01335,SUP023,传感器芯片,2025-04-18,2025-05-13,2025-05-12,6200,6032,45,29.62,30.39,1
PO01473,SUP025,存储芯片,2025-04-18,2025-05-31,2025-05-30,12500,12466,87,42.2,42.79,1
PO00166,SUP003,MCU控制芯片,2025-04-19,2025-05-15,2025-05-12,11000,10728,95,32.91,32.98,1
PO00220,SUP004,MCU控制芯片,2025-04-19,2025-06-03,2025-06-03,10000,9855,156,32.43,31.53,1
PO01202,SUP021,传感器芯片,2025-04-19,2025-05-21,2025-05-21,8000,7805,61,25.29,25.72,1
PO01332,SUP023,传感器芯片,2025-04-19,2025-05-13,2025-05-10,11200,11135,87,29.62,29.47,1
PO01535,SUP026,存储芯片,2025-04-19,2025-05-25,2025-05-23,12500,12487,116,48.9,48.07,1
PO01608,SUP027,存储芯片,2025-04-19,2025-05-20,2025-06-01,8300,7982,446,51.65,56.83,1
PO00362,SUP007,功率半导体,2025-04-20,2025-05-18,2025-05-17,11000,10943,71,25.7,25.43,1
PO00790,SUP014,模拟芯片,2025-04-20,2025-05-23,2025-05-21,13000,12653,87,19.84,20.13,1
PO00885,SUP015,模拟芯片,2025-04-20,2025-05-03,2025-05-14,5200,4812,54,17.11,17.12,1
PO01215,SUP021,传感器芯片,2025-04-20,2025-05-21,2025-05-18,9500,9341,81,25.29,24.89,1
PO00100,SUP002,MCU控制芯片,2025-04-21,2025-05-17,2025-05-15,11500,11300,84,34.81,35.14,1
PO00515,SUP009,功率半导体,2025-04-21,2025-05-13,2025-05-11,6500,6203,114,23.47,22.9,1
PO01663,SUP028,存储芯片,2025-04-21,2025-05-23,2025-05-20,9500,9392,65,42.79,42.56,1
PO01743,SUP030,存储芯片,2025-04-21,2025-05-11,2025-05-08,13200,12838,111,47.57,46.0,1
PO00060,SUP001,MCU控制芯片,2025-04-22,2025-05-26,2025-05-26,9800,9392,524,40.43,41.84,1
PO00815,SUP014,模拟芯片,2025-04-22,2025-05-22,2025-05-21,4000,3929,39,19.84,19.78,1
PO01481,SUP025,存储芯片,2025-04-22,2025-06-06,2025-06-03,7000,6999,72,42.2,42.59,1
PO01613,SUP027,存储芯片,2025-04-22,2025-05-20,2025-05-27,3500,3395,172,51.65,51.18,1
PO01655,SUP028,存储芯片,2025-04-22,2025-05-24,2025-05-22,12500,12399,98,42.79,42.84,1
PO00159,SUP003,MCU控制芯片,2025-04-23,2025-05-19,2025-05-16,8000,7818,69,32.91,33.16,1
PO00283,SUP005,MCU控制芯片,2025-04-23,2025-05-16,2025-05-14,14000,13302,197,34.47,33.03,1
PO00728,SUP013,模拟芯片,2025-04-23,2025-05-24,2025-05-24,6400,6355,43,19.27,19.58,1
PO00868,SUP015,模拟芯片,2025-04-23,2025-05-07,2025-05-07,15000,13909,149,17.11,16.93,1
PO00924,SUP016,模拟芯片,2025-04-23,2025-06-08,2025-06-07,7200,7183,72,16.57,16.67,1
PO01020,SUP017,模拟芯片,2025-04-23,2025-05-19,2025-05-19,6500,6400,57,15.65,15.35,1
PO01453,SUP025,存储芯片,2025-04-23,2025-06-04,2025-06-01,2500,2448,24,42.2,41.98,1
PO00144,SUP003,MCU控制芯片,2025-04-24,2025-05-26,2025-05-23,4000,3887,27,32.91,33.34,1
PO00375,SUP007,功率半导体,2025-04-24,2025-05-25,2025-05-23,5800,5649,38,25.7,25.72,1
PO00430,SUP008,功率半导体,2025-04-24,2025-06-04,2025-06-03,12500,12475,458,25.95,25.14,1
PO00598,SUP010,功率半导体,2025-04-24,2025-06-03,2025-06-05,12000,11791,94,21.51,21.53,1
PO01066,SUP018,模拟芯片,2025-04-24,2025-05-27,2025-05-24,15000,14795,130,19.23,19.19,1
PO01281,SUP022,传感器芯片,2025-04-24,2025-05-13,2025-05-11,4500,4388,35,30.23,29.73,1
PO00161,SUP003,MCU控制芯片,2025-04-25,2025-05-27,2025-05-27,3000,2955,25,32.91,32.28,1
PO00244,SUP005,MCU控制芯片,2025-04-25,2025-05-23,2025-05-28,6500,6197,94,34.47,37.35,1
PO01113,SUP019,传感器芯片,2025-04-25,2025-06-04,2025-06-03,11500,11476,89,27.56,27.59,1
PO01160,SUP020,传感器芯片,2025-04-25,2025-05-31,2025-05-31,11400,10887,469,24.01,23.05,1
PO01443,SUP025,存储芯片,2025-04-25,2025-06-08,2025-06-06,12000,11940,105,42.2,41.72,1
PO00297,SUP005,MCU控制芯片,2025-04-26,2025-05-21,2025-05-23,14500,13956,208,34.47,33.17,1
PO00482,SUP009,功率半导体,2025-04-26,2025-05-20,2025-05-20,14000,13321,231,23.47,24.17,1
PO00535,SUP009,功率半导体,2025-04-26,2025-05-20,2025-05-17,14000,13691,188,23.47,22.06,1
PO00727,SUP013,模拟芯片,2025-04-26,2025-05-28,2025-05-28,2400,2377,14,19.27,19.77,1
PO01528,SUP026,存储芯片,2025-04-26,2025-06-01,2025-05-29,10000,9897,75,48.9,48.83,1
PO00063,SUP002,MCU控制芯片,2025-04-27,2025-05-28,2025-05-25,7700,7477,57,34.81,34.33,1
PO00126,SUP003,MCU控制芯片,2025-04-27,2025-05-25,2025-05-25,3000,2919,17,32.91,31.8,1
PO00234,SUP004,MCU控制芯片,2025-04-27,2025-06-10,2025-06-09,11200,10991,171,32.43,31.91,1
PO00319,SUP006,MCU控制芯片,2025-04-27,2025-06-01,2025-05-29,7400,7037,267,32.85,37.07,0
PO01046,SUP018,模拟芯片,2025-04-27,2025-05-27,2025-05-25,10000,9962,73,19.23,19.18,1
PO01206,SUP021,传感器芯片,2025-04-27,2025-05-30,2025-05-28,7500,7337,62,25.29,24.68,1
PO01573,SUP027,存储芯片,2025-04-27,2025-05-28,2025-06-04,7400,7011,373,51.65,48.19,1
PO01677,SUP028,存储芯片,2025-04-27,2025-05-31,2025-05-28,13000,12922,97,42.79,42.95,1
PO00106,SUP002,MCU控制芯片,2025-04-28,2025-05-25,2025-05-22,2300,2284,21,34.81,34.09,1
PO00114,SUP002,MCU控制芯片,2025-04-28,2025-05-26,2025-05-23,6300,6212,50,34.81,37.89,0
PO00305,SUP006,MCU控制芯片,2025-04-28,2025-05-31,2025-05-28,10700,10327,400,32.85,32.85,1
PO00460,SUP008,功率半导体,2025-04-28,2025-06-02,2025-06-01,13000,12938,482,25.95,26.68,1
PO01314,SUP022,传感器芯片,2025-04-28,2025-05-18,2025-05-15,7500,7363,50,30.23,30.16,1
PO01501,SUP026,存储芯片,2025-04-28,2025-06-02,2025-05-30,10000,9704,75,48.9,49.54,1
PO01260,SUP021,传感器芯片,2025-04-29,2025-06-01,2025-05-30,9000,8742,67,25.29,25.17,1
PO01262,SUP022,传感器芯片,2025-04-29,2025-05-20,2025-05-19,7000,6872,63,30.23,29.7,1
PO01302,SUP022,传感器芯片,2025-04-29,2025-05-20,2025-05-17,5000,4922,36,30.23,30.58,1
PO01545,SUP026,存储芯片,2025-04-29,2025-06-07,2025-06-07,4500,4468,30,48.9,48.34,1
PO00360,SUP006,MCU控制芯片,2025-04-30,2025-06-04,2025-06-01,2400,2370,95,32.85,36.34,0
PO01039,SUP018,模拟芯片,2025-04-30,2025-05-29,2025-05-28,2500,2442,14,19.23,19.31,1
PO01541,SUP026,存储芯片,2025-04-30,2025-06-08,2025-06-07,10400,10229,75,48.9,49.21,1
PO00298,SUP005,MCU控制芯片,2025-05-01,2025-05-27,2025-05-30,8500,8169,104,34.47,35.99,0
PO00744,SUP013,模拟芯片,2025-05-01,2025-05-31,2025-05-31,6800,6650,64,19.27,18.94,1
PO01586,SUP027,存储芯片,2025-05-01,2025-05-30,2025-06-09,4800,4475,269,51.65,50.31,1
PO01680,SUP028,存储芯片,2025-05-01,2025-06-02,2025-06-01,4500,4422,42,42.79,42.0,1
PO00282,SUP005,MCU控制芯片,2025-05-02,2025-05-28,2025-05-27,2500,2445,40,34.47,33.51,0
PO00549,SUP010,功率半导体,2025-05-02,2025-06-11,2025-06-11,14700,14549,129,21.51,21.77,1
PO00562,SUP010,功率半导体,2025-05-02,2025-06-12,2025-06-10,4200,4154,35,21.51,21.51,1
PO00671,SUP012,功率半导体,2025-05-02,2025-05-20,2025-05-28,9000,8837,91,24.03,25.52,0
PO00700,SUP012,功率半导体,2025-05-02,2025-05-16,2025-05-15,3200,3027,33,24.03,24.49,1
PO01464,SUP025,存储芯片,2025-05-02,2025-06-19,2025-06-18,15000,14714,110,42.2,41.27,1
PO01661,SUP028,存储芯片,2025-05-02,2025-05-30,2025-05-30,8500,8435,78,42.79,42.79,1
PO00181,SUP004,MCU控制芯片,2025-05-03,2025-06-16,2025-06-19,8600,8576,114,32.43,28.4,1
PO00863,SUP015,模拟芯片,2025-05-03,2025-05-16,2025-05-14,5000,4935,65,17.11,17.19,1
PO00956,SUP016,模拟芯片,2025-05-03,2025-06-16,2025-06-14,11800,11630,94,16.57,15.78,1
PO01116,SUP019,传感器芯片,2025-05-03,2025-06-14,2025-06-13,10000,9775,82,27.56,27.28,1
PO01142,SUP020,传感器芯片,2025-05-03,2025-06-07,2025-06-05,10500,10083,426,24.01,23.73,1
PO01600,SUP027,存储芯片,2025-05-03,2025-05-31,2025-05-29,2500,2494,149,51.65,50.45,1
PO00091,SUP002,MCU控制芯片,2025-05-04,2025-05-29,2025-05-26,6300,6204,44,34.81,34.85,1
PO00239,SUP004,MCU控制芯片,2025-05-04,2025-06-13,2025-06-13,4600,4533,63,32.43,30.62,1
PO00209,SUP004,MCU控制芯片,2025-05-05,2025-06-14,2025-06-11,6200,6028,109,32.43,35.31,0
PO01725,SUP029,存储芯片,2025-05-05,2025-06-13,2025-06-13,3500,3495,28,49.51,48.6,1
PO00420,SUP007,功率半导体,2025-05-06,2025-06-04,2025-06-01,15000,14639,116,25.7,25.72,1
PO00438,SUP008,功率半导体,2025-05-06,2025-06-10,2025-06-10,13200,12970,509,25.95,25.86,1
PO00825,SUP014,模拟芯片,2025-05-06,2025-06-04,2025-06-04,5500,5492,49,19.84,19.56,1
PO01256,SUP021,传感器芯片,2025-05-06,2025-06-04,2025-06-03,8500,8381,58,25.29,25.08,1
PO01337,SUP023,传感器芯片,2025-05-06,2025-06-02,2025-05-30,12200,11958,82,29.62,29.75,1
PO00061,SUP002,MCU控制芯片,2025-05-07,2025-06-07,2025-06-07,9300,9242,81,34.81,35.46,1
PO00133,SUP003,MCU控制芯片,2025-05-07,2025-06-08,2025-06-08,12000,11733,79,32.91,33.09,1
PO00256,SUP005,MCU控制芯片,2025-05-07,2025-06-03,2025-06-03,10500,10390,133,34.47,33.37,1
PO00503,SUP009,功率半导体,2025-05-07,2025-05-27,2025-05-25,5000,4806,80,23.47,23.64,0
PO00900,SUP015,模拟芯片,2025-05-07,2025-05-19,2025-05-18,11600,10834,124,17.11,17.18,1
PO00927,SUP016,模拟芯片,2025-05-07,2025-06-21,2025-06-21,7800,7573,63,16.57,16.1,1
PO01377,SUP023,传感器芯片,2025-05-07,2025-06-04,2025-06-03,9000,8746,63,29.62,29.81,1
PO01394,SUP024,传感器芯片,2025-05-07,2025-06-02,2025-06-02,3000,2963,173,24.89,23.35,0
PO01440,SUP024,传感器芯片,2025-05-07,2025-06-03,2025-06-18,9000,8422,403,24.89,30.17,0
PO01516,SUP026,存储芯片,2025-05-07,2025-06-13,2025-06-10,4000,3996,23,48.9,49.25,1
PO00494,SUP009,功率半导体,2025-05-08,2025-05-29,2025-05-27,14000,13451,202,23.47,24.66,1
PO00660,SUP011,功率半导体,2025-05-08,2025-06-14,2025-06-24,7700,7369,80,25.67,25.65,1
PO01048,SUP018,模拟芯片,2025-05-08,2025-06-05,2025-06-08,8500,8451,72,19.23,19.54,1
PO01089,SUP019,传感器芯片,2025-05-08,2025-06-15,2025-06-14,14500,14171,126,27.56,27.41,1
PO01317,SUP022,传感器芯片,2025-05-08,2025-05-25,2025-05-23,14500,14173,100,30.23,29.16,1
PO01379,SUP023,传感器芯片,2025-05-08,2025-05-31,2025-06-01,8600,8482,84,29.62,29.8,1
PO01416,SUP024,传感器芯片,2025-05-08,2025-06-04,2025-06-04,14500,13369,733,24.89,27.8,0
PO01558,SUP026,存储芯片,2025-05-08,2025-06-15,2025-06-12,11800,11611,109,48.9,49.03,1
PO01615,SUP027,存储芯片,2025-05-08,2025-06-04,2025-06-23,14300,13279,681,51.65,50.43,1
PO01669,SUP028,存储芯片,2025-05-08,2025-06-07,2025-06-11,9500,9233,67,42.79,42.69,1
PO01781,SUP030,存储芯片,2025-05-08,2025-05-24,2025-05-23,10400,10257,79,47.57,47.76,1
PO00963,SUP017,模拟芯片,2025-05-09,2025-06-02,2025-06-01,9500,9275,61,15.65,15.19,1
PO01221,SUP021,传感器芯片,2025-05-09,2025-06-08,2025-06-05,3000,2963,21,25.29,25.05,1
PO01640,SUP028,存储芯片,2025-05-09,2025-06-07,2025-06-06,3000,2937,22,42.79,43.69,1
PO01750,SUP030,存储芯片,2025-05-09,2025-05-29,2025-05-27,7000,6852,65,47.57,47.82,1
PO00288,SUP005,MCU控制芯片,2025-05-10,2025-06-02,2025-05-31,6500,6400,108,34.47,30.43,1
PO00397,SUP007,功率半导体,2025-05-10,2025-06-07,2025-06-05,3200,3177,35,25.7,26.19,1
PO00436,SUP008,功率半导体,2025-05-10,2025-06-20,2025-06-18,8300,8276,316,25.95,26.25,1
PO00684,SUP012,功率半导体,2025-05-10,2025-05-26,2025-05-24,7900,7305,70,24.03,24.21,1
PO01025,SUP018,模拟芯片,2025-05-10,2025-06-06,2025-06-04,9500,9225,79,19.23,18.9,1
PO01058,SUP018,模拟芯片,2025-05-10,2025-06-11,2025-06-08,5500,5407,39,19.23,18.89,1
PO01163,SUP020,传感器芯片,2025-05-10,2025-06-15,2025-06-17,10000,9841,374,24.01,23.33,1
PO01259,SUP021,传感器芯片,2025-05-11,2025-06-08,2025-06-06,4000,3932,27,25.29,25.49,1
PO01519,SUP026,存储芯片,2025-05-11,2025-06-18,2025-06-17,7300,7154,50,48.9,49.15,1
PO01559,SUP026,存储芯片,2025-05-11,2025-06-18,2025-06-17,6400,6362,47,48.9,49.41,1
PO00040,SUP001,MCU控制芯片,2025-05-12,2025-06-13,2025-06-12,7000,6257,318,40.43,41.7,0
PO00601,SUP011,功率半导体,2025-05-12,2025-06-19,2025-06-17,8900,8564,102,25.67,25.65,1
PO00643,SUP011,功率半导体,2025-05-12,2025-06-18,2025-06-27,10600,10104,127,25.67,26.69,1
PO00752,SUP013,模拟芯片,2025-05-12,2025-06-12,2025-06-12,3200,3120,29,19.27,18.96,1
PO00004,SUP001,MCU控制芯片,2025-05-13,2025-06-18,2025-06-16,4000,3786,195,40.43,45.42,0
PO00351,SUP006,MCU控制芯片,2025-05-13,2025-06-18,2025-06-16,2200,2189,86,32.85,34.88,1
PO00541,SUP010,功率半导体,2025-05-13,2025-06-24,2025-06-21,12700,12328,110,21.51,21.6,1
PO00690,SUP012,功率半导体,2025-05-13,2025-05-26,2025-05-24,3500,3225,37,24.03,24.44,1
PO00839,SUP014,模拟芯片,2025-05-13,2025-06-15,2025-06-13,5500,5491,49,19.84,19.59,1
PO00873,SUP015,模拟芯片,2025-05-13,2025-05-25,2025-06-05,6000,5709,65,17.11,16.28,1
PO00879,SUP015,模拟芯片,2025-05-13,2025-05-29,2025-05-29,6800,6298,79,17.11,19.32,0
PO01217,SUP021,传感器芯片,2025-05-13,2025-06-11,2025-06-08,7000,6915,61,25.29,25.48,1
PO00249,SUP005,MCU控制芯片,2025-05-14,2025-06-06,2025-06-06,9500,9047,121,34.47,42.44,0
PO00304,SUP006,MCU控制芯片,2025-05-14,2025-06-22,2025-06-20,11600,10964,452,32.85,31.98,1
PO00765,SUP013,模拟芯片,2025-05-14,2025-06-15,2025-06-14,14000,13811,115,19.27,19.24,1
PO01165,SUP020,传感器芯片,2025-05-14,2025-06-18,2025-06-15,3200,3178,130,24.01,22.75,1
PO01261,SUP022,传感器芯片,2025-05-14,2025-06-03,2025-05-31,5000,4952,35,30.23,31.39,1
PO01495,SUP025,存储芯片,2025-05-14,2025-06-26,2025-06-25,9500,9280,80,42.2,43.17,1
PO00143,SUP003,MCU控制芯片,2025-05-15,2025-06-16,2025-06-14,3000,2974,21,32.91,32.79,1
PO00559,SUP010,功率半导体,2025-05-15,2025-06-23,2025-06-20,9800,9759,78,21.51,21.72,1
PO00762,SUP013,模拟芯片,2025-05-15,2025-06-10,2025-06-08,5700,5654,54,19.27,19.06,1
PO01544,SUP026,存储芯片,2025-05-15,2025-06-18,2025-06-16,11300,11099,82,48.9,47.85,1
PO01771,SUP030,存储芯片,2025-05-15,2025-05-31,2025-05-29,6200,6159,42,47.57,47.08,1
PO00089,SUP002,MCU控制芯片,2025-05-16,2025-06-15,2025-06-15,4400,4292,27,34.81,35.33,1
PO00792,SUP014,模拟芯片,2025-05-16,2025-06-19,2025-06-18,5500,5380,39,19.84,19.75,1
PO01166,SUP020,传感器芯片,2025-05-16,2025-06-24,2025-06-27,12900,12648,480,24.01,24.5,1
PO01414,SUP024,传感器芯片,2025-05-16,2025-06-08,2025-06-20,8500,7751,462,24.89,31.6,0
PO00265,SUP005,MCU控制芯片,2025-05-17,2025-06-10,2025-06-09,12000,11571,161,34.47,37.6,1
PO00573,SUP010,功率半导体,2025-05-17,2025-06-26,2025-06-29,3600,3571,26,21.51,21.19,1
PO00794,SUP014,模拟芯片,2025-05-17,2025-06-16,2025-06-15,4000,3959,26,19.84,19.93,1
PO01306,SUP022,传感器芯片,2025-05-17,2025-06-07,2025-06-07,9500,9490,76,30.23,29.86,1
PO01447,SUP025,存储芯片,2025-05-17,2025-07-02,2025-07-02,7000,6861,52,42.2,42.47,1
PO00779,SUP013,模拟芯片,2025-05-18,2025-06-13,2025-06-10,14400,14097,135,19.27,19.19,1
PO01246,SUP021,传感器芯片,2025-05-18,2025-06-18,2025-06-15,8000,7886,64,25.29,25.82,1
PO01252,SUP021,传感器芯片,2025-05-18,2025-06-19,2025-06-23,14000,13996,112,25.29,25.17,1
PO01313,SUP022,传感器芯片,2025-05-18,2025-06-05,2025-06-02,4500,4440,32,30.23,30.2,1
PO01731,SUP029,存储芯片,2025-05-18,2025-06-27,2025-06-26,6100,6003,39,49.51,49.51,1
PO00022,SUP001,MCU控制芯片,2025-05-19,2025-06-24,2025-06-23,14600,13991,757,40.43,37.61,1
PO00130,SUP003,MCU控制芯片,2025-05-19,2025-06-20,2025-06-20,3000,2942,22,32.91,32.94,1
PO00618,SUP011,功率半导体,2025-05-19,2025-06-21,2025-06-28,11100,10316,136,25.67,26.66,1
PO01148,SUP020,传感器芯片,2025-05-19,2025-06-25,2025-06-22,11700,11149,423,24.01,23.74,1
PO01742,SUP030,存储芯片,2025-05-19,2025-06-04,2025-06-01,13600,13457,107,47.57,46.81,1
PO00635,SUP011,功率半导体,2025-05-20,2025-06-22,2025-06-20,4600,4543,65,25.67,26.49,1
PO01339,SUP023,传感器芯片,2025-05-20,2025-06-18,2025-06-17,3600,3527,29,29.62,29.2,1
PO01476,SUP025,存储芯片,2025-05-20,2025-07-02,2025-06-30,6500,6352,41,42.2,41.88,1
PO00748,SUP013,模拟芯片,2025-05-21,2025-06-19,2025-06-17,7600,7420,48,19.27,19.15,1
PO01000,SUP017,模拟芯片,2025-05-21,2025-06-12,2025-06-16,12000,11958,84,15.65,15.47,1
PO01245,SUP021,传感器芯片,2025-05-21,2025-06-21,2025-06-18,15000,14712,128,25.29,25.13,1
PO01065,SUP018,模拟芯片,2025-05-22,2025-06-21,2025-06-19,2500,2479,23,19.23,19.31,1
PO01361,SUP023,传感器芯片,2025-05-22,2025-06-14,2025-06-13,12800,12741,95,29.62,29.5,1
PO01512,SUP026,存储芯片,2025-05-22,2025-06-27,2025-06-25,10300,10088,70,48.9,47.86,1
PO00132,SUP003,MCU控制芯片,2025-05-23,2025-06-20,2025-06-18,15000,14720,117,32.91,32.96,1
PO00252,SUP005,MCU控制芯片,2025-05-23,2025-06-16,2025-06-16,3000,2990,45,34.47,39.41,1
PO00688,SUP012,功率半导体,2025-05-23,2025-06-09,2025-06-06,11900,11706,123,24.03,25.87,0
PO00871,SUP015,模拟芯片,2025-05-23,2025-06-05,2025-06-02,12400,11689,131,17.11,17.0,1
PO01266,SUP022,传感器芯片,2025-05-23,2025-06-15,2025-06-14,13500,13448,121,30.23,29.92,1
PO01480,SUP025,存储芯片,2025-05-23,2025-07-08,2025-07-06,12500,12442,99,42.2,42.84,1
PO00084,SUP002,MCU控制芯片,2025-05-24,2025-06-23,2025-06-23,8200,8171,70,34.81,34.6,1
PO00117,SUP002,MCU控制芯片,2025-05-24,2025-06-23,2025-06-22,7400,7224,63,34.81,34.61,1
PO00315,SUP006,MCU控制芯片,2025-05-24,2025-06-28,2025-06-27,2100,2022,88,32.85,31.8,1
PO01365,SUP023,传感器芯片,2025-05-24,2025-06-19,2025-06-18,4200,4122,45,29.62,29.36,1
PO01446,SUP025,存储芯片,2025-05-24,2025-07-07,2025-07-07,7500,7378,50,42.2,42.56,1
PO01696,SUP029,存储芯片,2025-05-24,2025-07-01,2025-06-28,9600,9587,75,49.51,49.19,1
PO01788,SUP030,存储芯片,2025-05-24,2025-06-13,2025-06-12,8400,8374,56,47.57,48.09,1
PO00083,SUP002,MCU控制芯片,2025-05-25,2025-06-19,2025-06-19,6800,6623,48,34.81,35.16,1
PO00564,SUP010,功率半导体,2025-05-25,2025-07-03,2025-07-03,13100,12723,103,21.51,21.21,1
PO00119,SUP002,MCU控制芯片,2025-05-26,2025-06-26,2025-06-25,14400,14345,116,34.81,34.68,1
PO00174,SUP003,MCU控制芯片,2025-05-26,2025-06-23,2025-06-20,5500,5373,35,32.91,32.5,1
PO01140,SUP019,传感器芯片,2025-05-26,2025-07-08,2025-07-05,11500,11349,82,27.56,27.06,1
PO01248,SUP021,传感器芯片,2025-05-26,2025-06-23,2025-06-20,5500,5377,39,25.29,25.4,1
PO00514,SUP009,功率半导体,2025-05-27,2025-06-16,2025-06-21,2500,2392,38,23.47,28.21,1
PO00903,SUP016,模拟芯片,2025-05-27,2025-07-12,2025-07-13,13000,12767,95,16.57,16.55,1
PO01405,SUP024,传感器芯片,2025-05-28,2025-06-20,2025-07-12,13000,12069,650,24.89,25.44,1
PO01572,SUP027,存储芯片,2025-05-28,2025-06-29,2025-06-29,7500,7229,432,51.65,52.42,0
PO00046,SUP001,MCU控制芯片,2025-05-29,2025-07-03,2025-07-01,2800,2587,154,40.43,42.68,1
PO00555,SUP010,功率半导体,2025-05-29,2025-07-08,2025-07-07,5600,5481,48,21.51,21.4,1
PO00904,SUP016,模拟芯片,2025-05-29,2025-07-10,2025-07-13,12200,12014,89,16.57,16.73,1
PO01086,SUP019,传感器芯片,2025-05-29,2025-07-06,2025-07-04,6000,5955,42,27.56,27.2,1
PO01338,SUP023,传感器芯片,2025-05-29,2025-06-21,2025-06-21,8800,8643,79,29.62,29.41,1
PO01590,SUP027,存储芯片,2025-05-29,2025-06-27,2025-07-09,3300,3244,175,51.65,54.49,1
PO01682,SUP029,存储芯片,2025-05-29,2025-07-05,2025-07-05,3500,3419,36,49.51,49.11,1
PO01790,SUP030,存储芯片,2025-05-29,2025-06-16,2025-06-16,7800,7704,54,47.57,48.4,1
PO00008,SUP001,MCU控制芯片,2025-05-30,2025-07-02,2025-07-17,2200,2000,99,40.43,42.27,0
PO00198,SUP004,MCU控制芯片,2025-05-30,2025-07-15,2025-07-14,3400,3324,46,32.43,34.88,0
PO01144,SUP020,传感器芯片,2025-05-30,2025-07-10,2025-07-07,12000,11455,425,24.01,24.34,1
PO00540,SUP009,功率半导体,2025-05-31,2025-06-20,2025-06-17,8000,7998,125,23.47,24.66,1
PO00826,SUP014,模拟芯片,2025-05-31,2025-07-02,2025-07-01,13000,12839,122,19.84,20.25,1
PO01455,SUP025,存储芯片,2025-05-31,2025-07-14,2025-07-12,14500,14227,120,42.2,40.78,1
PO00481,SUP009,功率半导体,2025-06-01,2025-06-27,2025-06-25,10500,10318,161,23.47,27.12,0
PO00823,SUP014,模拟芯片,2025-06-01,2025-07-06,2025-07-04,7500,7477,72,19.84,19.72,1
PO00875,SUP015,模拟芯片,2025-06-01,2025-06-13,2025-06-18,11800,11153,161,17.11,16.69,1
PO01015,SUP017,模拟芯片,2025-06-01,2025-06-25,2025-06-25,5000,4880,38,15.65,15.61,1
PO01197,SUP020,传感器芯片,2025-06-01,2025-07-07,2025-07-07,7300,6886,291,24.01,24.6,1
PO01309,SUP022,传感器芯片,2025-06-01,2025-06-18,2025-06-17,14000,13822,99,30.23,29.99,1
PO01402,SUP024,传感器芯片,2025-06-01,2025-06-25,2025-07-07,13500,12619,692,24.89,21.97,1
PO01748,SUP030,存储芯片,2025-06-01,2025-06-21,2025-06-18,10000,9844,80,47.57,49.01,1
PO01784,SUP030,存储芯片,2025-06-01,2025-06-17,2025-06-14,11200,11189,70,47.57,46.52,1
PO00122,SUP003,MCU控制芯片,2025-06-02,2025-06-28,2025-06-26,8000,7922,65,32.91,32.75,1
PO00731,SUP013,模拟芯片,2025-06-02,2025-06-29,2025-06-27,4200,4156,41,19.27,18.85,1
PO00915,SUP016,模拟芯片,2025-06-02,2025-07-16,2025-07-13,9000,8964,71,16.57,16.92,1
PO00983,SUP017,模拟芯片,2025-06-02,2025-06-25,2025-06-26,4000,3907,23,15.65,15.82,1
PO01189,SUP020,传感器芯片,2025-06-02,2025-07-12,2025-07-11,11000,10699,446,24.01,23.89,1
PO01264,SUP022,传感器芯片,2025-06-02,2025-06-24,2025-06-23,11500,11213,82,30.23,29.5,1
PO00049,SUP001,MCU控制芯片,2025-06-03,2025-07-06,2025-07-04,2200,2009,131,40.43,39.41,1
PO00153,SUP003,MCU控制芯片,2025-06-03,2025-07-03,2025-06-30,8500,8366,57,32.91,32.71,1
PO00388,SUP007,功率半导体,2025-06-03,2025-07-02,2025-06-30,2800,2729,20,25.7,25.46,1
PO00536,SUP009,功率半导体,2025-06-03,2025-06-27,2025-06-25,9000,8626,128,23.47,23.66,0
PO00623,SUP011,功率半导体,2025-06-03,2025-07-10,2025-07-15,3000,2829,25,25.67,24.65,1
PO00706,SUP012,功率半导体,2025-06-03,2025-06-16,2025-06-15,11200,10952,137,24.03,24.69,1
PO00894,SUP015,模拟芯片,2025-06-03,2025-06-16,2025-06-13,8600,8377,98,17.11,16.44,1
PO00994,SUP017,模拟芯片,2025-06-03,2025-06-28,2025-07-01,3000,2930,16,15.65,15.83,1
PO01094,SUP019,传感器芯片,2025-06-03,2025-07-15,2025-07-14,5500,5435,41,27.56,28.29,1
PO01161,SUP020,传感器芯片,2025-06-03,2025-07-13,2025-07-22,13000,12703,525,24.01,23.81,1
PO01543,SUP026,存储芯片,2025-06-03,2025-07-12,2025-07-09,2200,2156,15,48.9,49.7,1
PO00406,SUP007,功率半导体,2025-06-04,2025-07-01,2025-06-28,10800,10502,98,25.7,26.12,1
PO00856,SUP015,模拟芯片,2025-06-04,2025-06-19,2025-06-18,9600,8961,103,17.11,18.49,1
PO01164,SUP020,传感器芯片,2025-06-04,2025-07-10,2025-07-07,10400,10283,394,24.01,24.57,1
PO01321,SUP023,传感器芯片,2025-06-04,2025-07-02,2025-07-02,14200,14043,87,29.62,29.46,1
PO01426,SUP024,传感器芯片,2025-06-04,2025-06-29,2025-06-26,7500,7346,389,24.89,26.21,1
PO01578,SUP027,存储芯片,2025-06-04,2025-06-30,2025-06-28,2400,2262,111,51.65,58.9,0
PO00113,SUP002,MCU控制芯片,2025-06-05,2025-07-06,2025-07-03,7200,7146,66,34.81,34.86,1
PO00418,SUP007,功率半导体,2025-06-05,2025-06-30,2025-06-28,3800,3698,28,25.7,25.71,1
PO00465,SUP008,功率半导体,2025-06-05,2025-07-15,2025-07-13,13700,12900,535,25.95,26.68,1
PO00754,SUP013,模拟芯片,2025-06-05,2025-07-03,2025-07-01,6700,6575,46,19.27,19.28,1
PO00987,SUP017,模拟芯片,2025-06-05,2025-06-26,2025-06-27,11500,11360,92,15.65,15.34,1
PO01220,SUP021,传感器芯片,2025-06-05,2025-07-08,2025-07-08,10500,10450,98,25.29,25.07,1
PO01327,SUP023,传感器芯片,2025-06-05,2025-06-28,2025-06-27,3600,3594,25,29.62,29.21,1
PO00596,SUP010,功率半导体,2025-06-06,2025-07-15,2025-07-18,7900,7731,62,21.51,22.13,1
PO00817,SUP014,模拟芯片,2025-06-06,2025-07-05,2025-07-05,11500,11157,75,19.84,19.11,1
PO01115,SUP019,传感器芯片,2025-06-06,2025-07-19,2025-07-17,3000,2990,23,27.56,27.39,1
PO01122,SUP019,传感器芯片,2025-06-06,2025-07-16,2025-07-16,4500,4410,34,27.56,27.21,1
PO00029,SUP001,MCU控制芯片,2025-06-07,2025-07-10,2025-07-09,7800,7147,362,40.43,38.52,1
PO00363,SUP007,功率半导体,2025-06-07,2025-07-04,2025-07-02,13800,13676,111,25.7,25.1,1
PO00631,SUP011,功率半导体,2025-06-07,2025-07-14,2025-07-12,3500,3398,48,25.67,26.55,1
PO01154,SUP020,传感器芯片,2025-06-07,2025-07-13,2025-07-13,5200,5022,205,24.01,23.39,1
PO01515,SUP026,存储芯片,2025-06-07,2025-07-11,2025-07-13,13300,13273,112,48.9,48.91,1
PO00343,SUP006,MCU控制芯片,2025-06-08,2025-07-17,2025-07-16,3800,3787,157,32.85,32.0,1
PO00346,SUP006,MCU控制芯片,2025-06-08,2025-07-11,2025-07-08,9600,9568,396,32.85,33.93,1
PO00677,SUP012,功率半导体,2025-06-08,2025-06-24,2025-06-30,2300,2118,28,24.03,24.05,1
PO01201,SUP021,传感器芯片,2025-06-08,2025-07-09,2025-07-06,11500,11304,80,25.29,24.69,1
PO00028,SUP001,MCU控制芯片,2025-06-09,2025-07-15,2025-07-31,14400,12883,715,40.43,49.94,0
PO00511,SUP009,功率半导体,2025-06-09,2025-06-29,2025-06-28,8000,7832,121,23.47,24.23,1
PO00512,SUP009,功率半导体,2025-06-09,2025-07-03,2025-07-09,8000,7882,124,23.47,27.0,0
PO00949,SUP016,模拟芯片,2025-06-09,2025-07-21,2025-07-21,13200,12864,118,16.57,16.73,1
PO01146,SUP020,传感器芯片,2025-06-09,2025-07-17,2025-07-16,13100,13072,510,24.01,24.89,1
PO00191,SUP004,MCU控制芯片,2025-06-10,2025-07-26,2025-07-25,3200,3188,43,32.43,29.56,1
PO00324,SUP006,MCU控制芯片,2025-06-10,2025-07-14,2025-07-13,6000,5732,231,32.85,32.53,1
PO00464,SUP008,功率半导体,2025-06-10,2025-07-16,2025-07-16,5700,5399,234,25.95,26.15,1
PO00617,SUP011,功率半导体,2025-06-10,2025-07-14,2025-07-11,5700,5386,60,25.67,24.9,1
PO00776,SUP013,模拟芯片,2025-06-10,2025-07-06,2025-07-03,3500,3495,21,19.27,19.24,1
PO00818,SUP014,模拟芯片,2025-06-10,2025-07-09,2025-07-08,12500,12206,87,19.84,20.23,1
PO00833,SUP014,模拟芯片,2025-06-10,2025-07-15,2025-07-15,4000,3930,26,19.84,19.99,1
PO00837,SUP014,模拟芯片,2025-06-10,2025-07-09,2025-07-08,3500,3451,27,19.84,20.01,1
PO01073,SUP018,模拟芯片,2025-06-10,2025-07-13,2025-07-13,15000,14644,109,19.23,19.09,1
PO01325,SUP023,传感器芯片,2025-06-10,2025-07-03,2025-07-02,9600,9405,77,29.62,29.69,1
PO00003,SUP001,MCU控制芯片,2025-06-11,2025-07-18,2025-07-16,8200,7479,410,40.43,39.86,1
PO00183,SUP004,MCU控制芯片,2025-06-11,2025-07-25,2025-07-24,11800,11524,180,32.43,35.42,1
PO00666,SUP012,功率半导体,2025-06-11,2025-06-30,2025-06-29,5200,4990,69,24.03,23.41,1
PO00890,SUP015,模拟芯片,2025-06-11,2025-06-29,2025-06-27,6800,6324,82,17.11,17.09,1
PO00980,SUP017,模拟芯片,2025-06-11,2025-07-02,2025-06-30,10500,10191,82,15.65,15.49,1
PO01247,SUP021,传感器芯片,2025-06-11,2025-07-14,2025-07-11,11000,10920,79,25.29,25.65,1
PO00374,SUP007,功率半导体,2025-06-12,2025-07-12,2025-07-12,12600,12255,82,25.7,25.65,1
PO01294,SUP022,传感器芯片,2025-06-12,2025-06-29,2025-06-29,4500,4375,26,30.23,29.98,1
PO01511,SUP026,存储芯片,2025-06-12,2025-07-16,2025-07-15,11400,11270,97,48.9,47.47,1
PO00002,SUP001,MCU控制芯片,2025-06-13,2025-07-16,2025-07-15,2400,2388,132,40.43,51.5,0
PO00065,SUP002,MCU控制芯片,2025-06-13,2025-07-09,2025-07-08,7200,7074,55,34.81,34.8,1
PO00553,SUP010,功率半导体,2025-06-13,2025-07-21,2025-07-19,7700,7580,70,21.51,22.35,0
PO00606,SUP011,功率半导体,2025-06-13,2025-07-21,2025-07-31,11600,10732,112,25.67,25.7,1
PO01291,SUP022,传感器芯片,2025-06-13,2025-07-01,2025-06-28,5500,5479,38,30.23,29.53,1
PO01705,SUP029,存储芯片,2025-06-13,2025-07-18,2025-07-17,5700,5534,41,49.51,50.95,1
PO01730,SUP029,存储芯片,2025-06-13,2025-07-21,2025-07-20,3700,3606,37,49.51,50.39,1
PO00652,SUP011,功率半导体,2025-06-14,2025-07-21,2025-07-20,12900,11945,150,25.67,27.98,0
PO01155,SUP020,传感器芯片,2025-06-14,2025-07-24,2025-07-23,3800,3610,148,24.01,24.08,1
PO01403,SUP024,传感器芯片,2025-06-14,2025-07-08,2025-07-14,3000,2661,133,24.89,25.57,1
PO00495,SUP009,功率半导体,2025-06-15,2025-07-05,2025-07-10,6000,5975,102,23.47,24.45,1
PO00746,SUP013,模拟芯片,2025-06-15,2025-07-14,2025-07-13,11400,11164,80,19.27,18.87,1
PO01371,SUP023,传感器芯片,2025-06-15,2025-07-12,2025-07-10,14800,14388,105,29.62,29.67,1
PO01459,SUP025,存储芯片,2025-06-15,2025-07-31,2025-07-31,7000,6818,55,42.2,42.43,1
PO00756,SUP013,模拟芯片,2025-06-16,2025-07-14,2025-07-12,15000,14896,132,19.27,19.22,1
PO00793,SUP014,模拟芯片,2025-06-16,2025-07-18,2025-07-16,13500,13118,102,19.84,19.45,1
PO00880,SUP015,模拟芯片,2025-06-16,2025-07-01,2025-06-29,14600,14302,177,17.11,17.36,1
PO01096,SUP019,传感器芯片,2025-06-16,2025-07-24,2025-07-22,6500,6459,61,27.56,27.23,1
PO01465,SUP025,存储芯片,2025-06-16,2025-08-03,2025-07-31,12000,11842,88,42.2,42.22,1
PO00097,SUP002,MCU控制芯片,2025-06-17,2025-07-16,2025-07-15,11400,11284,80,34.81,34.01,1
PO00479,SUP008,功率半导体,2025-06-17,2025-07-24,2025-07-21,4500,4434,175,25.95,25.92,1
PO00642,SUP011,功率半导体,2025-06-17,2025-07-21,2025-07-18,9700,9212,124,25.67,25.51,1
PO01242,SUP021,传感器芯片,2025-06-17,2025-07-19,2025-07-16,13000,12768,93,25.29,25.35,1
PO01244,SUP021,传感器芯片,2025-06-17,2025-07-19,2025-07-19,13000,12918,90,25.29,25.37,1
PO00013,SUP001,MCU控制芯片,2025-06-18,2025-07-20,2025-07-17,10000,9841,561,40.43,44.97,1
PO00098,SUP002,MCU控制芯片,2025-06-18,2025-07-16,2025-07-16,14900,14471,113,34.81,35.13,1
PO00923,SUP016,模拟芯片,2025-06-18,2025-08-03,2025-08-02,2200,2138,14,16.57,16.2,1
PO00935,SUP016,模拟芯片,2025-06-18,2025-07-31,2025-07-31,6800,6619,57,16.57,16.85,1
PO01596,SUP027,存储芯片,2025-06-18,2025-07-18,2025-07-30,13900,13773,768,51.65,59.88,0
PO01052,SUP018,模拟芯片,2025-06-19,2025-07-19,2025-07-18,6500,6359,58,19.23,19.49,1
PO01076,SUP018,模拟芯片,2025-06-19,2025-07-16,2025-07-15,8000,7907,55,19.23,20.01,1
PO01169,SUP020,传感器芯片,2025-06-19,2025-07-24,2025-07-21,12200,11815,465,24.01,24.99,1
PO01721,SUP029,存储芯片,2025-06-19,2025-07-24,2025-07-22,6100,6050,64,49.51,49.51,1
PO01800,SUP030,存储芯片,2025-06-19,2025-07-09,2025-07-08,2400,2331,20,47.57,47.36,1
PO00172,SUP003,MCU控制芯片,2025-06-20,2025-07-17,2025-07-14,10500,10271,88,32.91,33.17,1
PO00770,SUP013,模拟芯片,2025-06-20,2025-07-20,2025-07-18,2300,2235,16,19.27,19.13,1
PO00888,SUP015,模拟芯片,2025-06-20,2025-07-04,2025-07-11,9400,8675,103,17.11,17.01,1
PO01756,SUP030,存储芯片,2025-06-20,2025-07-06,2025-07-03,2600,2565,22,47.57,47.59,1
PO00449,SUP008,功率半导体,2025-06-21,2025-07-31,2025-07-29,2900,2756,107,25.95,26.1,1
PO01009,SUP017,模拟芯片,2025-06-21,2025-07-17,2025-07-15,9500,9453,81,15.65,15.63,1
PO01628,SUP028,存储芯片,2025-06-21,2025-07-19,2025-07-16,13000,12714,104,42.79,42.09,1
PO01786,SUP030,存储芯片,2025-06-21,2025-07-09,2025-07-07,5400,5323,53,47.57,48.07,1
PO00339,SUP006,MCU控制芯片,2025-06-22,2025-07-26,2025-07-29,12500,12272,474,32.85,31.92,1
PO00440,SUP008,功率半导体,2025-06-22,2025-07-30,2025-07-30,2100,2088,78,25.95,26.04,1
PO00675,SUP012,功率半导体,2025-06-22,2025-07-07,2025-07-27,6500,6114,59,24.03,24.13,1
PO01057,SUP018,模拟芯片,2025-06-22,2025-07-20,2025-07-17,6000,5854,41,19.23,19.38,1
PO01359,SUP023,传感器芯片,2025-06-22,2025-07-16,2025-07-14,5000,4974,35,29.62,29.78,1
PO01370,SUP023,传感器芯片,2025-06-22,2025-07-21,2025-07-24,3800,3799,27,29.62,29.46,1
PO01589,SUP027,存储芯片,2025-06-22,2025-07-22,2025-07-21,12400,12136,648,51.65,52.91,1
PO00069,SUP002,MCU控制芯片,2025-06-23,2025-07-19,2025-07-19,9700,9656,65,34.81,35.08,1
PO00171,SUP003,MCU控制芯片,2025-06-24,2025-07-20,2025-07-17,7500,7320,57,32.91,33.01,1
PO00383,SUP007,功率半导体,2025-06-24,2025-07-25,2025-07-24,5200,5109,44,25.7,25.82,1
PO00613,SUP011,功率半导体,2025-06-24,2025-08-01,2025-08-11,5100,5049,61,25.67,25.79,1
PO00676,SUP012,功率半导体,2025-06-24,2025-07-11,2025-07-10,7300,7185,89,24.03,24.12,1
PO00755,SUP013,模拟芯片,2025-06-24,2025-07-20,2025-07-17,5400,5240,39,19.27,19.16,1
PO00093,SUP002,MCU控制芯片,2025-06-25,2025-07-21,2025-07-23,5300,5238,34,34.81,34.99,1
PO00202,SUP004,MCU控制芯片,2025-06-25,2025-08-08,2025-08-15,10200,9815,144,32.43,33.75,1
PO01236,SUP021,传感器芯片,2025-06-25,2025-07-24,2025-07-23,11500,11237,95,25.29,24.63,1
PO01268,SUP022,传感器芯片,2025-06-25,2025-07-18,2025-07-21,7500,7283,45,30.23,30.98,1
PO01492,SUP025,存储芯片,2025-06-25,2025-08-06,2025-08-03,13500,13243,85,42.2,42.07,1
PO00352,SUP006,MCU控制芯片,2025-06-26,2025-08-04,2025-08-02,4700,4611,183,32.85,32.74,1
PO00586,SUP010,功率半导体,2025-06-26,2025-08-02,2025-07-31,9500,9341,75,21.51,21.6,1
PO01472,SUP025,存储芯片,2025-06-26,2025-08-08,2025-08-05,3500,3398,26,42.2,41.7,1
PO01114,SUP019,传感器芯片,2025-06-27,2025-08-03,2025-08-02,9000,8946,80,27.56,27.75,1
PO01431,SUP024,传感器芯片,2025-06-27,2025-07-26,2025-07-24,10000,9743,542,24.89,25.47,1
PO00532,SUP009,功率半导体,2025-06-28,2025-07-22,2025-07-20,14000,13888,182,23.47,25.13,1
PO00539,SUP009,功率半导体,2025-06-28,2025-07-20,2025-07-20,3500,3462,51,23.47,24.19,1
PO01044,SUP018,模拟芯片,2025-06-28,2025-07-27,2025-07-26,2500,2497,26,19.23,19.3,1
PO01174,SUP020,传感器芯片,2025-06-28,2025-08-03,2025-07-31,8400,8337,326,24.01,23.34,1
PO01270,SUP022,传感器芯片,2025-06-28,2025-07-15,2025-07-12,15000,14674,103,30.23,30.07,1
PO00271,SUP005,MCU控制芯片,2025-06-29,2025-07-22,2025-07-30,4000,3839,44,34.47,34.61,1
PO00469,SUP008,功率半导体,2025-06-29,2025-08-05,2025-08-10,5800,5630,233,25.95,27.52,1
PO00612,SUP011,功率半导体,2025-06-29,2025-08-04,2025-08-04,6000,5617,71,25.67,25.16,1
PO01191,SUP020,传感器芯片,2025-06-29,2025-08-09,2025-08-08,4600,4533,188,24.01,25.21,0
PO01612,SUP027,存储芯片,2025-06-29,2025-07-29,2025-08-06,5700,5660,327,51.65,53.7,0
PO00041,SUP001,MCU控制芯片,2025-06-30,2025-08-03,2025-08-18,4400,4309,252,40.43,39.17,0
PO00272,SUP005,MCU控制芯片,2025-06-30,2025-07-29,2025-07-26,10000,9786,149,34.47,35.93,1
PO01210,SUP021,传感器芯片,2025-06-30,2025-07-28,2025-07-27,10000,9854,82,25.29,25.26,1
PO01263,SUP022,传感器芯片,2025-06-30,2025-07-22,2025-07-22,14000,13832,107,30.23,30.38,1
PO01595,SUP027,存储芯片,2025-06-30,2025-07-31,2025-08-11,5600,5088,274,51.65,65.8,0
PO00059,SUP001,MCU控制芯片,2025-07-01,2025-08-07,2025-08-22,10400,9507,551,40.43,42.38,1
PO00270,SUP005,MCU控制芯片,2025-07-01,2025-07-24,2025-07-21,14500,14464,215,34.47,34.33,1
PO00649,SUP011,功率半导体,2025-07-01,2025-08-06,2025-08-06,4400,4061,57,25.67,26.18,1
PO00749,SUP013,模拟芯片,2025-07-01,2025-07-28,2025-07-28,2800,2742,22,19.27,19.79,1
PO00753,SUP013,模拟芯片,2025-07-01,2025-07-29,2025-07-26,9000,8952,62,19.27,19.51,1
PO01008,SUP017,模拟芯片,2025-07-01,2025-07-23,2025-07-23,7500,7466,74,15.65,15.8,1
PO01156,SUP020,传感器芯片,2025-07-01,2025-08-05,2025-08-03,13100,13064,526,24.01,23.11,1
PO00247,SUP005,MCU控制芯片,2025-07-02,2025-07-25,2025-07-23,12000,11651,176,34.47,38.37,1
PO00340,SUP006,MCU控制芯片,2025-07-02,2025-08-05,2025-08-04,14400,13657,495,32.85,33.52,1
PO00376,SUP007,功率半导体,2025-07-02,2025-07-28,2025-07-26,4600,4493,38,25.7,25.66,1
PO00717,SUP012,功率半导体,2025-07-02,2025-07-19,2025-07-30,8400,8386,101,24.03,24.03,1
PO01012,SUP017,模拟芯片,2025-07-02,2025-07-28,2025-07-25,5500,5368,42,15.65,15.78,1
PO00228,SUP004,MCU控制芯片,2025-07-03,2025-08-15,2025-08-14,14600,14578,230,32.43,34.9,1
PO00400,SUP007,功率半导体,2025-07-04,2025-07-30,2025-08-03,14200,13833,92,25.7,25.81,1
PO01125,SUP019,传感器芯片,2025-07-04,2025-08-11,2025-08-10,3500,3466,27,27.56,27.51,1
PO01257,SUP021,传感器芯片,2025-07-04,2025-08-04,2025-08-04,8000,7852,52,25.29,25.06,1
PO01349,SUP023,传感器芯片,2025-07-04,2025-07-27,2025-07-25,11400,11390,91,29.62,29.67,1
PO01421,SUP024,传感器芯片,2025-07-04,2025-07-27,2025-07-24,10000,9743,531,24.89,28.82,1
PO00042,SUP001,MCU控制芯片,2025-07-05,2025-08-07,2025-08-07,15000,14590,788,40.43,39.23,1
PO00218,SUP004,MCU控制芯片,2025-07-05,2025-08-18,2025-08-16,6800,6579,95,32.43,33.88,1
PO00468,SUP008,功率半导体,2025-07-05,2025-08-09,2025-08-06,8100,7903,347,25.95,26.08,1
PO01062,SUP018,模拟芯片,2025-07-05,2025-08-04,2025-08-01,3500,3431,27,19.23,19.17,1
PO01179,SUP020,传感器芯片,2025-07-05,2025-08-10,2025-08-08,2900,2736,105,24.01,23.81,1
PO01282,SUP022,传感器芯片,2025-07-05,2025-07-28,2025-07-27,7000,6884,69,30.23,30.17,1
PO01311,SUP022,传感器芯片,2025-07-05,2025-07-28,2025-07-27,9000,8795,73,30.23,30.47,1
PO01645,SUP028,存储芯片,2025-07-05,2025-08-08,2025-08-05,10000,9710,80,42.79,42.45,1
PO00413,SUP007,功率半导体,2025-07-06,2025-08-02,2025-07-31,8400,8366,63,25.7,26.25,1
PO00462,SUP008,功率半导体,2025-07-06,2025-08-13,2025-08-11,14900,14790,587,25.95,26.71,1
PO00626,SUP011,功率半导体,2025-07-06,2025-08-08,2025-08-06,10600,10476,113,25.67,26.24,1
PO00788,SUP014,模拟芯片,2025-07-06,2025-08-04,2025-08-02,9500,9475,90,19.84,20.29,1
PO01101,SUP019,传感器芯片,2025-07-06,2025-08-17,2025-08-17,13000,12666,107,27.56,27.62,1
PO01177,SUP020,传感器芯片,2025-07-06,2025-08-12,2025-08-09,14000,13963,566,24.01,24.16,1
PO01538,SUP026,存储芯片,2025-07-06,2025-08-12,2025-08-10,15000,14902,111,48.9,50.07,1
PO00434,SUP008,功率半导体,2025-07-07,2025-08-17,2025-08-15,10600,10320,394,25.95,26.31,1
PO01333,SUP023,传感器芯片,2025-07-07,2025-08-05,2025-08-04,4600,4494,36,29.62,29.15,1
PO01441,SUP025,存储芯片,2025-07-07,2025-08-20,2025-08-19,4000,3957,32,42.2,42.35,1
PO01769,SUP030,存储芯片,2025-07-07,2025-07-25,2025-07-24,11800,11486,83,47.57,47.25,1
PO00092,SUP002,MCU控制芯片,2025-07-08,2025-08-04,2025-08-04,3200,3196,21,34.81,34.21,1
PO01053,SUP018,模拟芯片,2025-07-08,2025-08-06,2025-08-03,6000,5821,48,19.23,19.45,1
PO01296,SUP022,传感器芯片,2025-07-08,2025-07-30,2025-07-29,9000,8936,72,30.23,30.86,1
PO01326,SUP023,传感器芯片,2025-07-08,2025-08-04,2025-08-03,15000,14610,119,29.62,29.69,1
PO01635,SUP028,存储芯片,2025-07-08,2025-08-05,2025-08-02,11000,10983,94,42.79,43.35,1
PO01704,SUP029,存储芯片,2025-07-08,2025-08-16,2025-08-14,8600,8391,61,49.51,50.06,1
PO01724,SUP029,存储芯片,2025-07-08,2025-08-12,2025-08-09,3800,3783,31,49.51,51.12,1
PO01728,SUP029,存储芯片,2025-07-08,2025-08-16,2025-08-15,3100,3090,34,49.51,50.27,1
PO00456,SUP008,功率半导体,2025-07-09,2025-08-18,2025-08-18,7800,7608,308,25.95,26.23,1
PO01194,SUP020,传感器芯片,2025-07-09,2025-08-17,2025-08-20,2400,2398,105,24.01,23.75,1
PO01533,SUP026,存储芯片,2025-07-09,2025-08-18,2025-08-15,13700,13544,99,48.9,49.58,1
PO01646,SUP028,存储芯片,2025-07-09,2025-08-11,2025-08-08,7500,7355,60,42.79,42.72,1
PO01732,SUP029,存储芯片,2025-07-09,2025-08-14,2025-08-12,5600,5541,35,49.51,49.14,1
PO00421,SUP008,功率半导体,2025-07-10,2025-08-18,2025-08-17,6900,6669,286,25.95,25.4,1
PO00429,SUP008,功率半导体,2025-07-10,2025-08-15,2025-08-14,5500,5291,208,25.95,26.22,1
PO01030,SUP018,模拟芯片,2025-07-10,2025-08-06,2025-08-05,11500,11303,109,19.23,20.92,0
PO01118,SUP019,传感器芯片,2025-07-10,2025-08-17,2025-08-14,3000,2932,24,27.56,27.67,1
PO01618,SUP027,存储芯片,2025-07-10,2025-08-07,2025-08-06,7500,7089,367,51.65,45.39,1
PO01777,SUP030,存储芯片,2025-07-10,2025-07-28,2025-07-26,9000,8988,74,47.57,46.4,1
PO00545,SUP010,功率半导体,2025-07-11,2025-08-16,2025-08-20,11700,11465,91,21.51,21.78,1
PO00682,SUP012,功率半导体,2025-07-11,2025-07-25,2025-08-05,7600,7257,86,24.03,24.22,1
PO00701,SUP012,功率半导体,2025-07-11,2025-07-28,2025-07-27,7700,7300,86,24.03,26.05,0
PO00968,SUP017,模拟芯片,2025-07-11,2025-08-04,2025-08-03,11500,11252,74,15.65,15.13,1
PO01346,SUP023,传感器芯片,2025-07-11,2025-08-07,2025-08-06,13400,13062,107,29.62,29.81,1
PO01717,SUP029,存储芯片,2025-07-11,2025-08-15,2025-08-12,12300,11960,106,49.51,48.75,1
PO01792,SUP030,存储芯片,2025-07-11,2025-07-29,2025-07-27,14200,14173,126,47.57,47.4,1
PO00196,SUP004,MCU控制芯片,2025-07-12,2025-08-22,2025-08-21,5200,5196,80,32.43,34.12,1
PO00550,SUP010,功率半导体,2025-07-12,2025-08-17,2025-08-22,13300,13170,113,21.51,21.64,1
PO00734,SUP013,模拟芯片,2025-07-12,2025-08-11,2025-08-11,5400,5350,47,19.27,21.33,0
PO01625,SUP028,存储芯片,2025-07-12,2025-08-11,2025-08-10,3000,2995,22,42.79,43.41,1
PO00047,SUP001,MCU控制芯片,2025-07-13,2025-08-18,2025-08-17,8600,8507,467,40.43,36.84,1
PO00795,SUP014,模拟芯片,2025-07-13,2025-08-13,2025-08-13,8000,7782,67,19.84,20.06,1
PO00957,SUP016,模拟芯片,2025-07-13,2025-08-30,2025-08-29,7000,6964,59,16.57,16.67,1
PO01079,SUP018,模拟芯片,2025-07-13,2025-08-12,2025-08-11,12500,12199,95,19.23,19.32,1
PO01219,SUP021,传感器芯片,2025-07-13,2025-08-15,2025-08-13,11500,11335,85,25.29,24.42,1
PO01488,SUP025,存储芯片,2025-07-13,2025-08-25,2025-08-24,9000,8834,75,42.2,42.6,1
PO01758,SUP030,存储芯片,2025-07-13,2025-07-30,2025-07-27,5800,5663,41,47.57,47.46,1
PO00286,SUP005,MCU控制芯片,2025-07-14,2025-08-11,2025-08-20,2500,2493,28,34.47,37.91,0
PO01344,SUP023,传感器芯片,2025-07-14,2025-08-12,2025-08-10,11400,11285,87,29.62,28.91,1
PO01740,SUP029,存储芯片,2025-07-14,2025-08-19,2025-08-19,6500,6407,70,49.51,49.76,1
PO00741,SUP013,模拟芯片,2025-07-15,2025-08-12,2025-08-11,13700,13310,123,19.27,19.24,1
PO01390,SUP024,传感器芯片,2025-07-15,2025-08-13,2025-08-10,7000,6594,367,24.89,19.0,1
PO01566,SUP027,存储芯片,2025-07-15,2025-08-15,2025-08-14,8800,8119,425,51.65,49.9,1
PO00149,SUP003,MCU控制芯片,2025-07-16,2025-08-15,2025-08-12,3500,3419,26,32.91,32.92,1
PO00320,SUP006,MCU控制芯片,2025-07-16,2025-08-23,2025-08-23,13800,13251,542,32.85,33.34,1
PO00763,SUP013,模拟芯片,2025-07-16,2025-08-12,2025-08-14,9500,9276,68,19.27,19.09,1
PO01130,SUP019,传感器芯片,2025-07-16,2025-08-24,2025-08-23,8500,8308,59,27.56,31.03,0
PO00088,SUP002,MCU控制芯片,2025-07-17,2025-08-14,2025-08-12,13100,12866,92,34.81,34.69,1
PO00369,SUP007,功率半导体,2025-07-17,2025-08-17,2025-08-17,6400,6298,44,25.7,26.06,1
PO00961,SUP017,模拟芯片,2025-07-17,2025-08-10,2025-08-08,15000,14629,125,15.65,15.56,1
PO01069,SUP018,模拟芯片,2025-07-17,2025-08-13,2025-08-10,12500,12167,92,19.23,18.94,1
PO01427,SUP024,传感器芯片,2025-07-17,2025-08-10,2025-08-24,7000,6599,357,24.89,25.56,1
PO00280,SUP005,MCU控制芯片,2025-07-18,2025-08-10,2025-08-07,13500,13290,211,34.47,31.5,1
PO01297,SUP022,传感器芯片,2025-07-18,2025-08-06,2025-08-04,10000,9902,77,30.23,30.07,1
PO01632,SUP028,存储芯片,2025-07-18,2025-08-15,2025-08-15,5500,5444,54,42.79,42.85,1
PO01127,SUP019,传感器芯片,2025-07-19,2025-08-28,2025-08-27,10500,10267,81,27.56,27.5,1
PO01222,SUP021,传感器芯片,2025-07-19,2025-08-19,2025-08-18,8500,8291,79,25.29,24.61,1
PO00033,SUP001,MCU控制芯片,2025-07-20,2025-08-24,2025-08-23,4200,4066,224,40.43,47.39,1
PO00205,SUP004,MCU控制芯片,2025-07-20,2025-09-02,2025-08-31,10800,10301,160,32.43,30.73,1
PO00299,SUP005,MCU控制芯片,2025-07-20,2025-08-18,2025-08-15,10500,10493,138,34.47,33.72,0
PO00425,SUP008,功率半导体,2025-07-20,2025-08-24,2025-08-23,9200,8786,372,25.95,25.21,1
PO00898,SUP015,模拟芯片,2025-07-20,2025-08-06,2025-08-04,13800,13120,158,17.11,17.13,1
PO00121,SUP003,MCU控制芯片,2025-07-21,2025-08-18,2025-08-17,6000,5956,57,32.91,33.09,1
PO00164,SUP003,MCU控制芯片,2025-07-21,2025-08-21,2025-08-18,4000,3918,25,32.91,32.79,1
PO00261,SUP005,MCU控制芯片,2025-07-21,2025-08-16,2025-08-13,13000,12961,164,34.47,37.56,1
PO00574,SUP010,功率半导体,2025-07-21,2025-08-29,2025-08-26,3500,3430,23,21.51,22.08,1
PO00584,SUP010,功率半导体,2025-07-21,2025-08-27,2025-08-25,8600,8371,74,21.51,21.83,1
PO00787,SUP014,模拟芯片,2025-07-21,2025-08-22,2025-08-21,10500,10497,74,19.84,20.13,1
PO00846,SUP015,模拟芯片,2025-07-21,2025-08-08,2025-08-19,14600,14027,160,17.11,18.02,1
PO01010,SUP017,模拟芯片,2025-07-21,2025-08-12,2025-08-10,12000,11678,85,15.65,15.69,1
PO01017,SUP017,模拟芯片,2025-07-21,2025-08-14,2025-08-17,5000,4926,34,15.65,15.79,1
PO01432,SUP024,传感器芯片,2025-07-21,2025-08-16,2025-08-23,8000,7246,388,24.89,25.31,1
PO01439,SUP024,传感器芯片,2025-07-21,2025-08-14,2025-08-24,11000,10001,514,24.89,31.43,1
PO01251,SUP021,传感器芯片,2025-07-22,2025-08-20,2025-08-18,4500,4492,33,25.29,25.32,1
PO01429,SUP024,传感器芯片,2025-07-22,2025-08-18,2025-08-18,3000,2792,157,24.89,24.67,1
PO01647,SUP028,存储芯片,2025-07-22,2025-08-25,2025-08-23,10500,10263,69,42.79,43.07,1
PO00443,SUP008,功率半导体,2025-07-23,2025-09-02,2025-08-31,13700,13475,515,25.95,25.72,1
PO00951,SUP016,模拟芯片,2025-07-23,2025-09-09,2025-09-08,8200,7998,52,16.57,16.43,1
PO01147,SUP020,传感器芯片,2025-07-23,2025-09-01,2025-08-30,7900,7601,312,24.01,23.42,1
PO01496,SUP025,存储芯片,2025-07-23,2025-09-06,2025-09-06,12000,11846,89,42.2,41.85,1
PO00190,SUP004,MCU控制芯片,2025-07-24,2025-09-06,2025-09-09,6400,6318,88,32.43,32.64,1
PO01561,SUP027,存储芯片,2025-07-24,2025-08-24,2025-09-02,4500,4206,221,51.65,55.29,0
PO00123,SUP003,MCU控制芯片,2025-07-25,2025-08-25,2025-08-23,13000,12793,101,32.91,33.86,1
PO00312,SUP006,MCU控制芯片,2025-07-25,2025-08-31,2025-08-28,8100,7976,297,32.85,33.93,1
PO00338,SUP006,MCU控制芯片,2025-07-25,2025-08-28,2025-08-25,6000,5990,256,32.85,33.1,1
PO00364,SUP007,功率半导体,2025-07-25,2025-08-25,2025-08-25,9000,8765,76,25.7,25.75,1
PO00408,SUP007,功率半导体,2025-07-25,2025-08-23,2025-08-20,4800,4793,35,25.7,25.56,1
PO00750,SUP013,模拟芯片,2025-07-25,2025-08-21,2025-08-21,2500,2437,27,19.27,19.4,1
PO00276,SUP005,MCU控制芯片,2025-07-26,2025-08-19,2025-08-17,12500,12434,174,34.47,37.03,1
PO00277,SUP005,MCU控制芯片,2025-07-26,2025-08-21,2025-08-20,8500,8322,132,34.47,39.61,1
PO00424,SUP008,功率半导体,2025-07-26,2025-08-31,2025-08-28,4000,3799,131,25.95,26.12,1
PO01649,SUP028,存储芯片,2025-07-26,2025-08-27,2025-08-26,13500,13400,118,42.79,42.32,1
PO01675,SUP028,存储芯片,2025-07-26,2025-08-23,2025-08-21,13500,13133,111,42.79,42.6,1
PO00333,SUP006,MCU控制芯片,2025-07-27,2025-09-04,2025-09-03,14000,13930,557,32.85,32.88,1
PO00341,SUP006,MCU控制芯片,2025-07-27,2025-09-02,2025-09-02,8300,8068,335,32.85,33.17,1
PO00401,SUP007,功率半导体,2025-07-27,2025-08-27,2025-08-26,4000,3981,22,25.7,25.51,1
PO00854,SUP015,模拟芯片,2025-07-27,2025-08-14,2025-08-12,10000,9356,125,17.11,16.81,1
PO00986,SUP017,模拟芯片,2025-07-27,2025-08-22,2025-08-22,9000,8995,68,15.65,15.68,1
PO01226,SUP021,传感器芯片,2025-07-27,2025-08-29,2025-08-31,8500,8395,73,25.29,25.28,1
PO00036,SUP001,MCU控制芯片,2025-07-28,2025-08-29,2025-08-27,4200,3952,221,40.43,42.94,0
PO00039,SUP001,MCU控制芯片,2025-07-28,2025-08-29,2025-08-28,9000,8474,502,40.43,37.28,1
PO00724,SUP013,模拟芯片,2025-07-28,2025-08-24,2025-08-23,14200,14023,107,19.27,19.21,1
PO00768,SUP013,模拟芯片,2025-07-28,2025-08-24,2025-08-21,9000,8929,85,19.27,19.65,1
PO01462,SUP025,存储芯片,2025-07-28,2025-09-11,2025-09-08,7500,7383,54,42.2,43.36,1
PO00141,SUP003,MCU控制芯片,2025-07-29,2025-08-25,2025-08-25,3500,3494,27,32.91,33.83,1
PO00309,SUP006,MCU控制芯片,2025-07-29,2025-09-06,2025-09-04,4600,4520,197,32.85,33.89,1
PO00667,SUP012,功率半导体,2025-07-29,2025-08-14,2025-08-13,6800,6417,78,24.03,23.76,1
PO00930,SUP016,模拟芯片,2025-07-29,2025-09-14,2025-09-13,4800,4721,25,16.57,17.09,1
PO01331,SUP023,传感器芯片,2025-07-29,2025-08-21,2025-08-20,2400,2339,20,29.62,29.92,1
PO01762,SUP030,存储芯片,2025-07-29,2025-08-17,2025-08-16,12800,12608,95,47.57,46.54,1
PO00129,SUP003,MCU控制芯片,2025-07-30,2025-08-28,2025-08-27,14500,14238,97,32.91,33.22,1
PO00332,SUP006,MCU控制芯片,2025-07-30,2025-09-03,2025-09-01,2400,2336,96,32.85,33.01,1
PO00472,SUP008,功率半导体,2025-07-30,2025-09-06,2025-09-06,4000,3979,153,25.95,25.7,1
PO00693,SUP012,功率半导体,2025-07-30,2025-08-16,2025-08-16,7900,7723,98,24.03,23.69,1
PO00699,SUP012,功率半导体,2025-07-30,2025-08-16,2025-08-15,3900,3693,46,24.03,24.9,1
PO00806,SUP014,模拟芯片,2025-07-30,2025-08-31,2025-08-31,10000,9990,85,19.84,18.95,1
PO01563,SUP027,存储芯片,2025-07-30,2025-08-25,2025-08-24,2600,2531,140,51.65,47.0,1
PO00651,SUP011,功率半导体,2025-07-31,2025-09-08,2025-09-05,3500,3355,37,25.67,25.74,1
PO00011,SUP001,MCU控制芯片,2025-08-01,2025-09-07,2025-09-06,8800,8753,459,40.43,44.93,0
PO00504,SUP009,功率半导体,2025-08-01,2025-08-25,2025-08-22,3500,3359,45,23.47,21.26,1
PO00925,SUP016,模拟芯片,2025-08-01,2025-09-15,2025-09-12,9200,9056,80,16.57,16.28,1
PO01061,SUP018,模拟芯片,2025-08-01,2025-08-30,2025-08-27,4000,3895,36,19.23,20.29,0
PO01213,SUP021,传感器芯片,2025-08-01,2025-09-03,2025-09-01,12500,12350,97,25.29,24.76,1
PO01468,SUP025,存储芯片,2025-08-01,2025-09-15,2025-09-14,14000,13903,109,42.2,41.5,1
PO01672,SUP028,存储芯片,2025-08-01,2025-09-02,2025-09-02,11500,11500,94,42.79,42.06,1
PO00509,SUP009,功率半导体,2025-08-02,2025-08-22,2025-08-20,13000,12528,222,23.47,23.2,0
PO00899,SUP015,模拟芯片,2025-08-02,2025-08-20,2025-08-18,14600,13641,182,17.11,17.05,1
PO01074,SUP018,模拟芯片,2025-08-02,2025-09-01,2025-08-31,12000,11687,104,19.23,19.54,1
PO01342,SUP023,传感器芯片,2025-08-02,2025-08-29,2025-08-26,5200,5067,35,29.62,29.65,1
PO01363,SUP023,传感器芯片,2025-08-02,2025-08-25,2025-08-22,12600,12248,88,29.62,28.88,1
PO01653,SUP028,存储芯片,2025-08-02,2025-09-02,2025-08-30,5500,5421,43,42.79,42.56,1
PO00062,SUP002,MCU控制芯片,2025-08-03,2025-09-01,2025-08-30,13800,13712,105,34.81,34.57,1
PO00232,SUP004,MCU控制芯片,2025-08-03,2025-09-17,2025-09-22,14000,13591,187,32.43,33.83,1
PO00350,SUP006,MCU控制芯片,2025-08-03,2025-09-09,2025-09-08,3800,3673,166,32.85,33.14,1
PO00390,SUP007,功率半导体,2025-08-03,2025-08-31,2025-08-29,8800,8761,71,25.7,25.18,1
PO00522,SUP009,功率半导体,2025-08-03,2025-08-29,2025-08-26,7500,7185,100,23.47,22.49,1
PO00674,SUP012,功率半导体,2025-08-03,2025-08-16,2025-08-24,13000,12848,140,24.03,23.91,1
PO00811,SUP014,模拟芯片,2025-08-03,2025-09-04,2025-09-02,2500,2483,29,19.84,19.91,1
PO00131,SUP003,MCU控制芯片,2025-08-04,2025-09-01,2025-08-29,11500,11269,95,32.91,33.06,1
PO00605,SUP011,功率半导体,2025-08-04,2025-09-06,2025-09-06,3300,3053,43,25.67,25.49,1
PO01168,SUP020,传感器芯片,2025-08-04,2025-09-10,2025-09-08,4000,3817,165,24.01,23.54,1
PO01428,SUP024,传感器芯片,2025-08-04,2025-08-31,2025-08-28,4000,3902,225,24.89,23.59,1
PO01435,SUP024,传感器芯片,2025-08-04,2025-09-02,2025-08-30,10000,8945,506,24.89,23.67,1
PO00284,SUP005,MCU控制芯片,2025-08-05,2025-08-31,2025-08-31,9000,8868,151,34.47,38.29,1
PO01108,SUP019,传感器芯片,2025-08-05,2025-09-15,2025-09-15,13000,12780,115,27.56,27.68,1
PO01520,SUP026,存储芯片,2025-08-05,2025-09-14,2025-09-11,4900,4850,39,48.9,48.91,1
PO01569,SUP027,存储芯片,2025-08-05,2025-09-01,2025-09-09,10100,9422,528,51.65,59.87,1
PO00656,SUP011,功率半导体,2025-08-07,2025-09-10,2025-09-08,13000,12354,156,25.67,26.19,1
PO01499,SUP025,存储芯片,2025-08-07,2025-09-19,2025-09-19,4000,3886,30,42.2,41.92,1
PO01739,SUP029,存储芯片,2025-08-07,2025-09-16,2025-09-16,2300,2265,15,49.51,47.89,1
PO01795,SUP030,存储芯片,2025-08-07,2025-08-27,2025-08-24,8600,8446,65,47.57,47.29,1
PO00316,SUP006,MCU控制芯片,2025-08-08,2025-09-11,2025-09-08,11400,10719,413,32.85,32.47,1
PO00558,SUP010,功率半导体,2025-08-08,2025-09-15,2025-09-15,12900,12532,95,21.51,22.02,1
PO00730,SUP013,模拟芯片,2025-08-08,2025-09-05,2025-09-02,2800,2776,18,19.27,19.19,1
PO00932,SUP016,模拟芯片,2025-08-08,2025-09-23,2025-09-20,13400,13138,103,16.57,16.52,1
PO01072,SUP018,模拟芯片,2025-08-08,2025-09-06,2025-09-04,10000,9716,75,19.23,18.97,1
PO01304,SUP022,传感器芯片,2025-08-08,2025-08-25,2025-08-22,7000,6816,46,30.23,29.98,1
PO01400,SUP024,传感器芯片,2025-08-08,2025-09-01,2025-09-14,8500,8274,453,24.89,26.58,1
PO01527,SUP026,存储芯片,2025-08-08,2025-09-15,2025-09-15,11500,11429,93,48.9,48.52,1
PO00021,SUP001,MCU控制芯片,2025-08-09,2025-09-10,2025-09-21,7800,7506,392,40.43,47.43,1
PO00068,SUP002,MCU控制芯片,2025-08-09,2025-09-03,2025-09-03,14000,13584,114,34.81,33.64,1
PO00203,SUP004,MCU控制芯片,2025-08-09,2025-09-18,2025-09-18,9400,9025,114,32.43,36.66,0
PO00223,SUP004,MCU控制芯片,2025-08-09,2025-09-18,2025-09-17,12000,11994,150,32.43,30.59,1
PO00835,SUP014,模拟芯片,2025-08-09,2025-09-08,2025-09-07,3000,2962,18,19.84,19.72,1
PO01258,SUP021,传感器芯片,2025-08-09,2025-09-11,2025-09-08,5000,4986,43,25.29,25.8,1
PO01368,SUP023,传感器芯片,2025-08-09,2025-09-04,2025-09-03,7200,7176,61,29.62,30.06,1
PO01372,SUP023,传感器芯片,2025-08-09,2025-09-02,2025-08-30,2400,2369,18,29.62,29.21,1
PO01666,SUP028,存储芯片,2025-08-09,2025-09-06,2025-09-10,13500,13363,110,42.79,42.43,1
PO00386,SUP007,功率半导体,2025-08-10,2025-09-08,2025-09-06,2600,2569,15,25.7,25.69,1
PO00391,SUP007,功率半导体,2025-08-10,2025-09-05,2025-09-05,12000,11977,76,25.7,25.55,1
PO01150,SUP020,传感器芯片,2025-08-10,2025-09-16,2025-09-15,3600,3572,133,24.01,23.82,1
PO01178,SUP020,传感器芯片,2025-08-10,2025-09-14,2025-09-14,8700,8292,356,24.01,23.81,1
PO01360,SUP023,传感器芯片,2025-08-10,2025-09-03,2025-09-02,14600,14219,111,29.62,29.87,1
PO00300,SUP005,MCU控制芯片,2025-08-11,2025-09-03,2025-09-02,6000,5999,91,34.47,36.27,1
PO00365,SUP007,功率半导体,2025-08-11,2025-09-11,2025-09-17,9600,9588,91,25.7,25.21,1
PO01542,SUP026,存储芯片,2025-08-11,2025-09-17,2025-09-14,11400,11355,73,48.9,48.56,1
PO00233,SUP004,MCU控制芯片,2025-08-12,2025-09-21,2025-09-28,13200,12783,205,32.43,31.23,0
PO00238,SUP004,MCU控制芯片,2025-08-12,2025-09-24,2025-09-23,13800,13596,209,32.43,32.17,1
PO00501,SUP009,功率半导体,2025-08-12,2025-09-01,2025-09-05,9000,8701,138,23.47,22.58,1
PO00543,SUP010,功率半导体,2025-08-12,2025-09-22,2025-09-25,12000,11840,79,21.51,20.98,1
PO01387,SUP024,传感器芯片,2025-08-12,2025-09-04,2025-09-01,6000,5984,326,24.89,24.9,1
PO01391,SUP024,传感器芯片,2025-08-12,2025-09-09,2025-09-22,10000,9016,500,24.89,19.09,1
PO01051,SUP018,模拟芯片,2025-08-13,2025-09-13,2025-09-11,12000,11901,98,19.23,19.7,1
PO01186,SUP020,传感器芯片,2025-08-13,2025-09-17,2025-09-27,4100,3884,142,24.01,23.89,1
PO01351,SUP023,传感器芯片,2025-08-13,2025-09-08,2025-09-05,11600,11522,97,29.62,30.01,1
PO01571,SUP027,存储芯片,2025-08-13,2025-09-14,2025-09-21,4000,3521,207,51.65,47.9,1
PO00317,SUP006,MCU控制芯片,2025-08-14,2025-09-20,2025-09-17,7100,7090,285,32.85,34.36,1
PO00653,SUP011,功率半导体,2025-08-14,2025-09-20,2025-09-26,11100,10558,112,25.67,25.66,1
PO00747,SUP013,模拟芯片,2025-08-14,2025-09-13,2025-09-14,6300,6185,61,19.27,19.55,1
PO00192,SUP004,MCU控制芯片,2025-08-15,2025-09-26,2025-09-25,14600,14199,214,32.43,34.64,0
PO00356,SUP006,MCU控制芯片,2025-08-15,2025-09-18,2025-09-16,6500,6316,230,32.85,33.39,1
PO00528,SUP009,功率半导体,2025-08-15,2025-09-06,2025-09-05,9000,8915,112,23.47,25.77,0
PO01418,SUP024,传感器芯片,2025-08-15,2025-09-11,2025-09-10,14500,12982,756,24.89,24.03,1
PO00490,SUP009,功率半导体,2025-08-16,2025-09-11,2025-09-08,11500,11485,188,23.47,21.53,1
PO01599,SUP027,存储芯片,2025-08-16,2025-09-14,2025-09-12,2700,2522,148,51.65,48.18,1
PO01772,SUP030,存储芯片,2025-08-16,2025-08-31,2025-09-01,3600,3509,18,47.57,48.23,1
PO00140,SUP003,MCU控制芯片,2025-08-17,2025-09-16,2025-09-13,10500,10198,87,32.91,32.85,1
PO00157,SUP003,MCU控制芯片,2025-08-17,2025-09-14,2025-09-13,4500,4468,40,32.91,32.23,1
PO00290,SUP005,MCU控制芯片,2025-08-17,2025-09-13,2025-09-11,14000,13331,200,34.47,34.82,1
PO00634,SUP011,功率半导体,2025-08-17,2025-09-19,2025-09-26,9500,9208,121,25.67,25.56,1
PO00911,SUP016,模拟芯片,2025-08-17,2025-10-03,2025-09-30,5000,4853,40,16.57,16.53,1
PO01243,SUP021,传感器芯片,2025-08-17,2025-09-17,2025-09-15,8000,7938,69,25.29,25.16,1
PO01593,SUP027,存储芯片,2025-08-17,2025-09-14,2025-09-30,11900,11571,623,51.65,51.12,1
PO01656,SUP028,存储芯片,2025-08-17,2025-09-16,2025-09-13,12000,11899,95,42.79,42.52,1
PO00368,SUP007,功率半导体,2025-08-18,2025-09-16,2025-09-14,5000,4939,40,25.7,26.0,1
PO01318,SUP022,传感器芯片,2025-08-18,2025-09-06,2025-09-05,15000,14630,105,30.23,30.64,1
PO01471,SUP025,存储芯片,2025-08-18,2025-10-03,2025-10-03,7000,6967,71,42.2,41.54,1
PO01693,SUP029,存储芯片,2025-08-18,2025-09-27,2025-09-26,12500,12335,105,49.51,49.22,1
PO00650,SUP011,功率半导体,2025-08-19,2025-09-27,2025-09-27,7000,6907,81,25.67,25.83,1
PO01229,SUP021,传感器芯片,2025-08-19,2025-09-21,2025-09-19,13500,13366,114,25.29,25.33,1
PO01540,SUP026,存储芯片,2025-08-19,2025-09-22,2025-09-19,12200,11952,99,48.9,49.29,1
PO01738,SUP029,存储芯片,2025-08-19,2025-09-26,2025-09-26,2200,2175,11,49.51,49.16,1
PO01789,SUP030,存储芯片,2025-08-19,2025-09-02,2025-08-31,8800,8684,78,47.57,45.89,1
PO00450,SUP008,功率半导体,2025-08-20,2025-09-29,2025-09-29,8200,7958,297,25.95,25.74,1
PO00530,SUP009,功率半导体,2025-08-20,2025-09-13,2025-09-11,14000,13630,203,23.47,24.65,0
PO01124,SUP019,传感器芯片,2025-08-20,2025-09-28,2025-09-28,8000,7869,66,27.56,27.65,1
PO01274,SUP022,传感器芯片,2025-08-20,2025-09-11,2025-09-10,12000,11866,74,30.23,30.15,1
PO01713,SUP029,存储芯片,2025-08-20,2025-09-25,2025-09-25,13400,13085,93,49.51,50.12,1
PO00441,SUP008,功率半导体,2025-08-21,2025-09-26,2025-09-25,7200,7044,292,25.95,25.87,1
PO00914,SUP016,模拟芯片,2025-08-21,2025-10-06,2025-10-03,7000,6938,50,16.57,16.58,1
PO01031,SUP018,模拟芯片,2025-08-21,2025-09-22,2025-09-21,8000,7763,63,19.23,19.19,1
PO01269,SUP022,传感器芯片,2025-08-21,2025-09-07,2025-09-07,11500,11196,82,30.23,30.75,1
PO00442,SUP008,功率半导体,2025-08-22,2025-09-29,2025-09-29,11200,11197,432,25.95,26.52,1
PO01004,SUP017,模拟芯片,2025-08-22,2025-09-15,2025-09-15,6000,5828,44,15.65,16.09,0
PO01200,SUP020,传感器芯片,2025-08-22,2025-09-28,2025-09-25,9700,9320,363,24.01,23.54,1
PO01320,SUP022,传感器芯片,2025-08-22,2025-09-13,2025-09-11,13500,13358,105,30.23,30.78,1
PO01410,SUP024,传感器芯片,2025-08-22,2025-09-15,2025-10-02,14000,13222,714,24.89,25.35,1
PO00294,SUP005,MCU控制芯片,2025-08-23,2025-09-18,2025-09-17,12000,11753,184,34.47,34.5,1
PO00745,SUP013,模拟芯片,2025-08-23,2025-09-22,2025-09-28,12500,12152,105,19.27,19.21,1
PO00955,SUP016,模拟芯片,2025-08-23,2025-10-05,2025-10-02,12600,12516,90,16.57,16.54,1
PO01529,SUP026,存储芯片,2025-08-24,2025-09-28,2025-09-25,14200,13913,109,48.9,48.63,1
PO00427,SUP008,功率半导体,2025-08-25,2025-10-05,2025-10-05,6700,6555,284,25.95,26.31,1
PO00683,SUP012,功率半导体,2025-08-25,2025-09-07,2025-09-05,10600,10505,127,24.03,24.14,1
PO00812,SUP014,模拟芯片,2025-08-25,2025-09-26,2025-09-26,12000,11662,99,19.84,19.69,1
PO01183,SUP020,传感器芯片,2025-08-25,2025-10-01,2025-10-01,10900,10437,418,24.01,23.81,1
PO01609,SUP027,存储芯片,2025-08-25,2025-09-25,2025-10-10,11700,11538,627,51.65,60.29,0
PO01708,SUP029,存储芯片,2025-08-25,2025-09-29,2025-09-29,4300,4175,25,49.51,50.4,1
PO00001,SUP001,MCU控制芯片,2025-08-26,2025-09-30,2025-10-10,3200,2856,175,40.43,38.85,1
PO00050,SUP001,MCU控制芯片,2025-08-26,2025-10-02,2025-10-01,14600,14218,800,40.43,35.67,1
PO00051,SUP001,MCU控制芯片,2025-08-26,2025-09-29,2025-09-28,14800,14773,793,40.43,38.72,1
PO00568,SUP010,功率半导体,2025-08-26,2025-10-03,2025-10-02,10400,10112,70,21.51,21.78,1
PO00777,SUP013,模拟芯片,2025-08-26,2025-09-27,2025-09-24,10600,10288,89,19.27,19.44,1
PO01002,SUP017,模拟芯片,2025-08-26,2025-09-17,2025-09-15,4500,4381,20,15.65,15.55,1
PO01135,SUP019,传感器芯片,2025-08-26,2025-10-08,2025-10-07,8500,8299,64,27.56,27.61,1
PO01292,SUP022,传感器芯片,2025-08-26,2025-09-14,2025-09-14,5500,5487,39,30.23,30.87,1
PO01517,SUP026,存储芯片,2025-08-26,2025-10-05,2025-10-02,6500,6485,52,48.9,49.04,1
PO00310,SUP006,MCU控制芯片,2025-08-27,2025-09-30,2025-09-30,8500,8270,317,32.85,32.41,1
PO00405,SUP007,功率半导体,2025-08-27,2025-09-24,2025-09-24,9000,8805,75,25.7,26.06,1
PO01343,SUP023,传感器芯片,2025-08-27,2025-09-24,2025-09-28,13400,13057,95,29.62,29.24,1
PO01576,SUP027,存储芯片,2025-08-27,2025-09-24,2025-10-03,7300,6642,362,51.65,57.75,1
PO00796,SUP014,模拟芯片,2025-08-28,2025-10-02,2025-09-30,10000,9862,75,19.84,19.6,1
PO00870,SUP015,模拟芯片,2025-08-28,2025-09-10,2025-09-08,2400,2305,28,17.11,16.71,1
PO00958,SUP016,模拟芯片,2025-08-28,2025-10-10,2025-10-14,2800,2786,25,16.57,17.73,0
PO01568,SUP027,存储芯片,2025-08-28,2025-09-29,2025-10-16,2400,2206,138,51.65,59.04,0
PO01584,SUP027,存储芯片,2025-08-28,2025-09-29,2025-10-07,4800,4728,284,51.65,55.06,1
PO01735,SUP029,存储芯片,2025-08-28,2025-10-05,2025-10-05,7400,7253,56,49.51,48.71,1
PO00738,SUP013,模拟芯片,2025-08-29,2025-09-30,2025-09-29,12000,11775,95,19.27,19.07,1
PO01716,SUP029,存储芯片,2025-08-29,2025-10-03,2025-10-02,10200,9937,80,49.51,48.88,1
PO00012,SUP001,MCU控制芯片,2025-08-30,2025-10-05,2025-10-20,3400,3312,180,40.43,37.79,1
PO01037,SUP018,模拟芯片,2025-08-30,2025-10-02,2025-09-29,3500,3429,36,19.23,18.93,1
PO01047,SUP018,模拟芯片,2025-08-30,2025-10-01,2025-10-01,15000,14659,106,19.23,19.0,1
PO01668,SUP028,存储芯片,2025-08-30,2025-10-02,2025-09-30,3500,3414,28,42.79,42.54,1
PO01334,SUP023,传感器芯片,2025-08-31,2025-09-25,2025-09-24,12800,12453,83,29.62,29.88,1
PO01710,SUP029,存储芯片,2025-08-31,2025-10-09,2025-10-06,12300,12273,92,49.51,48.28,1
PO00102,SUP002,MCU控制芯片,2025-09-01,2025-09-27,2025-09-24,11800,11682,92,34.81,35.13,1
PO00848,SUP015,模拟芯片,2025-09-01,2025-09-18,2025-09-24,10200,9686,123,17.11,16.69,1
PO01467,SUP025,存储芯片,2025-09-01,2025-10-17,2025-10-14,3000,2953,27,42.2,42.79,1
PO00027,SUP001,MCU控制芯片,2025-09-02,2025-10-09,2025-10-09,9400,8704,491,40.43,43.89,1
PO01216,SUP021,传感器芯片,2025-09-02,2025-09-30,2025-09-27,13000,12768,101,25.29,25.67,1
PO01700,SUP029,存储芯片,2025-09-02,2025-10-12,2025-10-11,12500,12500,91,49.51,49.0,1
PO00349,SUP006,MCU控制芯片,2025-09-03,2025-10-09,2025-10-16,3600,3459,146,32.85,32.58,1
PO00488,SUP009,功率半导体,2025-09-03,2025-09-28,2025-09-28,15000,14402,198,23.47,21.92,1
PO00887,SUP015,模拟芯片,2025-09-03,2025-09-17,2025-09-23,13400,12340,131,17.11,17.2,1
PO01430,SUP024,传感器芯片,2025-09-03,2025-10-02,2025-10-12,5000,4769,266,24.89,24.48,1
PO01006,SUP017,模拟芯片,2025-09-04,2025-09-28,2025-09-30,12500,12275,77,15.65,15.64,1
PO01521,SUP026,存储芯片,2025-09-04,2025-10-09,2025-10-08,11600,11575,108,48.9,48.93,1
PO00056,SUP001,MCU控制芯片,2025-09-05,2025-10-08,2025-10-24,13200,12551,705,40.43,35.93,1
PO00057,SUP001,MCU控制芯片,2025-09-05,2025-10-06,2025-10-20,9000,8240,472,40.43,33.43,1
PO00267,SUP005,MCU控制芯片,2025-09-05,2025-10-03,2025-10-03,3500,3328,36,34.47,33.8,1
PO00519,SUP009,功率半导体,2025-09-05,2025-09-29,2025-09-29,5000,4877,57,23.47,21.67,1
PO01181,SUP020,传感器芯片,2025-09-05,2025-10-16,2025-10-16,12500,12224,487,24.01,23.99,1
PO01211,SUP021,传感器芯片,2025-09-05,2025-10-03,2025-09-30,5000,4996,44,25.29,24.45,1
PO01477,SUP025,存储芯片,2025-09-05,2025-10-23,2025-10-20,4500,4425,43,42.2,42.36,1
PO01779,SUP030,存储芯片,2025-09-05,2025-09-24,2025-09-24,4000,3984,26,47.57,47.28,1
PO00125,SUP003,MCU控制芯片,2025-09-06,2025-10-02,2025-10-02,4500,4414,33,32.91,33.35,1
PO00831,SUP014,模拟芯片,2025-09-06,2025-10-10,2025-10-09,9500,9412,75,19.84,20.15,1
PO00843,SUP015,模拟芯片,2025-09-06,2025-09-20,2025-09-18,9600,9028,100,17.11,17.06,1
PO01396,SUP024,传感器芯片,2025-09-06,2025-09-30,2025-09-27,14500,13682,822,24.89,21.96,1
PO00920,SUP016,模拟芯片,2025-09-07,2025-10-19,2025-10-18,13400,13120,122,16.57,17.01,1
PO01095,SUP019,传感器芯片,2025-09-07,2025-10-20,2025-10-19,3000,2931,23,27.56,27.47,1
PO01123,SUP019,传感器芯片,2025-09-07,2025-10-20,2025-10-18,7500,7330,67,27.56,27.28,1
PO01204,SUP021,传感器芯片,2025-09-07,2025-10-06,2025-10-06,11000,10853,89,25.29,25.24,1
PO00105,SUP002,MCU控制芯片,2025-09-08,2025-10-04,2025-10-01,6300,6214,55,34.81,35.09,1
PO00211,SUP004,MCU控制芯片,2025-09-08,2025-10-21,2025-10-19,7600,7453,111,32.43,34.76,0
PO00402,SUP007,功率半导体,2025-09-08,2025-10-06,2025-10-04,5800,5683,58,25.7,26.78,1
PO00496,SUP009,功率半导体,2025-09-08,2025-10-02,2025-09-29,7500,7228,108,23.47,25.09,0
PO00804,SUP014,模拟芯片,2025-09-08,2025-10-13,2025-10-11,10000,9866,79,19.84,20.15,1
PO00865,SUP015,模拟芯片,2025-09-08,2025-09-26,2025-09-25,4600,4494,46,17.11,16.73,1
PO01126,SUP019,传感器芯片,2025-09-08,2025-10-20,2025-10-19,7500,7335,58,27.56,27.18,1
PO01546,SUP026,存储芯片,2025-09-08,2025-10-17,2025-10-15,10400,10318,70,48.9,49.09,1
PO00928,SUP016,模拟芯片,2025-09-09,2025-10-27,2025-10-28,4800,4774,39,16.57,16.69,1
PO01574,SUP027,存储芯片,2025-09-09,2025-10-07,2025-10-24,13000,11613,611,51.65,50.54,1
PO01607,SUP027,存储芯片,2025-09-09,2025-10-10,2025-10-10,5200,4964,247,51.65,50.27,1
PO00691,SUP012,功率半导体,2025-09-10,2025-09-28,2025-09-28,5900,5623,73,24.03,23.74,1
PO00959,SUP016,模拟芯片,2025-09-10,2025-10-24,2025-10-24,11000,10772,78,16.57,16.34,1
PO00975,SUP017,模拟芯片,2025-09-10,2025-10-03,2025-10-01,8500,8264,60,15.65,15.9,1
PO00336,SUP006,MCU控制芯片,2025-09-11,2025-10-15,2025-10-15,6800,6459,235,32.85,33.29,1
PO00518,SUP009,功率半导体,2025-09-11,2025-10-07,2025-10-14,7000,7000,107,23.47,22.97,1
PO00704,SUP012,功率半导体,2025-09-11,2025-09-29,2025-09-26,7700,7455,89,24.03,24.35,1
PO01285,SUP022,传感器芯片,2025-09-11,2025-10-01,2025-10-02,15000,14619,114,30.23,30.34,1
PO01452,SUP025,存储芯片,2025-09-11,2025-10-27,2025-10-28,8500,8400,84,42.2,42.32,1
PO01598,SUP027,存储芯片,2025-09-11,2025-10-07,2025-10-05,8600,8148,479,51.65,55.41,0
PO01775,SUP030,存储芯片,2025-09-11,2025-09-30,2025-09-28,8400,8170,73,47.57,47.56,1
PO01445,SUP025,存储芯片,2025-09-12,2025-10-28,2025-10-26,9000,8970,70,42.2,42.49,1
PO01715,SUP029,存储芯片,2025-09-12,2025-10-17,2025-10-14,7000,6892,51,49.51,48.28,1
PO00989,SUP017,模拟芯片,2025-09-13,2025-10-08,2025-10-06,13500,13136,120,15.65,15.65,1
PO01223,SUP021,传感器芯片,2025-09-13,2025-10-11,2025-10-08,3000,2983,22,25.29,24.94,1
PO01531,SUP026,存储芯片,2025-09-13,2025-10-18,2025-10-17,10800,10531,94,48.9,49.18,1
PO01553,SUP026,存储芯片,2025-09-13,2025-10-17,2025-10-15,3300,3221,16,48.9,49.74,1
PO00680,SUP012,功率半导体,2025-09-14,2025-10-02,2025-10-01,3300,3055,29,24.03,23.87,1
PO00740,SUP013,模拟芯片,2025-09-14,2025-10-15,2025-10-12,10100,9953,93,19.27,19.17,1
PO00809,SUP014,模拟芯片,2025-09-14,2025-10-13,2025-10-12,6500,6352,48,19.84,19.46,1
PO01323,SUP023,传感器芯片,2025-09-14,2025-10-10,2025-10-07,12200,12115,100,29.62,29.29,1
PO01479,SUP025,存储芯片,2025-09-14,2025-10-29,2025-10-27,3500,3468,24,42.2,41.33,1
PO01767,SUP030,存储芯片,2025-09-14,2025-09-30,2025-09-27,6800,6761,63,47.57,46.44,1
PO00139,SUP003,MCU控制芯片,2025-09-15,2025-10-13,2025-10-13,3000,2957,23,32.91,32.53,1
PO00187,SUP004,MCU控制芯片,2025-09-15,2025-10-27,2025-10-27,4400,4355,70,32.43,35.85,0
PO00302,SUP006,MCU控制芯片,2025-09-15,2025-10-23,2025-10-23,13500,13264,510,32.85,31.89,1
PO00407,SUP007,功率半导体,2025-09-15,2025-10-11,2025-10-08,5800,5671,52,25.7,26.4,1
PO00412,SUP007,功率半导体,2025-09-15,2025-10-13,2025-10-11,4200,4134,25,25.7,26.03,1
PO00735,SUP013,模拟芯片,2025-09-15,2025-10-17,2025-10-16,2700,2633,22,19.27,19.15,1
PO00785,SUP014,模拟芯片,2025-09-15,2025-10-20,2025-10-18,13000,12816,100,19.84,20.07,1
PO00941,SUP016,模拟芯片,2025-09-15,2025-10-30,2025-10-29,9400,9187,74,16.57,16.3,1
PO01106,SUP019,传感器芯片,2025-09-15,2025-10-23,2025-10-21,3500,3444,29,27.56,27.22,1
PO01722,SUP029,存储芯片,2025-09-15,2025-10-24,2025-10-22,4800,4656,40,49.51,49.93,1
PO00610,SUP011,功率半导体,2025-09-16,2025-10-20,2025-10-19,8800,8615,113,25.67,25.39,1
PO00813,SUP014,模拟芯片,2025-09-16,2025-10-18,2025-10-16,8000,7785,61,19.84,20.36,1
PO00849,SUP015,模拟芯片,2025-09-16,2025-10-01,2025-09-28,10800,10461,132,17.11,16.61,1
PO00905,SUP016,模拟芯片,2025-09-16,2025-10-28,2025-10-25,12200,11847,101,16.57,17.14,1
PO00597,SUP010,功率半导体,2025-09-17,2025-10-29,2025-10-29,5700,5639,44,21.51,21.76,1
PO00742,SUP013,模拟芯片,2025-09-17,2025-10-18,2025-10-24,9400,9186,75,19.27,18.89,1
PO01699,SUP029,存储芯片,2025-09-17,2025-10-21,2025-10-19,11200,11199,82,49.51,49.24,1
PO00729,SUP013,模拟芯片,2025-09-18,2025-10-16,2025-10-13,6000,5921,45,19.27,19.39,1
PO01035,SUP018,模拟芯片,2025-09-18,2025-10-18,2025-10-15,14000,13648,113,19.23,19.29,1
PO00709,SUP012,功率半导体,2025-09-19,2025-10-04,2025-10-02,5500,5302,61,24.03,23.73,1
PO01167,SUP020,传感器芯片,2025-09-19,2025-10-30,2025-10-27,4500,4348,160,24.01,24.0,1
PO01525,SUP026,存储芯片,2025-09-19,2025-10-27,2025-10-27,13500,13113,110,48.9,50.28,1
PO00720,SUP012,功率半导体,2025-09-20,2025-10-07,2025-10-06,5300,5072,54,24.03,23.68,1
PO01641,SUP028,存储芯片,2025-09-20,2025-10-20,2025-10-17,2500,2438,23,42.79,43.21,1
PO00327,SUP006,MCU控制芯片,2025-09-21,2025-10-24,2025-10-23,8100,7645,312,32.85,33.36,1
PO00864,SUP015,模拟芯片,2025-09-21,2025-10-04,2025-10-14,3600,3468,36,17.11,17.28,1
PO00976,SUP017,模拟芯片,2025-09-21,2025-10-14,2025-10-14,13000,12751,109,15.65,15.66,1
PO01023,SUP018,模拟芯片,2025-09-21,2025-10-18,2025-10-18,7500,7278,63,19.23,19.53,1
PO01102,SUP019,传感器芯片,2025-09-21,2025-10-31,2025-10-29,4000,3964,31,27.56,27.3,1
PO01277,SUP022,传感器芯片,2025-09-21,2025-10-11,2025-10-09,10000,9850,103,30.23,30.47,1
PO01505,SUP026,存储芯片,2025-09-21,2025-10-30,2025-10-29,10000,9761,70,48.9,49.17,1
PO00215,SUP004,MCU控制芯片,2025-09-22,2025-11-07,2025-11-04,8600,8209,119,32.43,30.12,1
PO00484,SUP009,功率半导体,2025-09-22,2025-10-13,2025-10-11,9000,8561,131,23.47,23.92,1
PO00485,SUP009,功率半导体,2025-09-22,2025-10-15,2025-10-13,5000,4888,64,23.47,22.8,1
PO00669,SUP012,功率半导体,2025-09-22,2025-10-09,2025-10-08,7400,6956,98,24.03,23.33,1
PO01027,SUP018,模拟芯片,2025-09-22,2025-10-25,2025-10-23,8500,8430,68,19.23,18.7,1
PO01375,SUP023,传感器芯片,2025-09-22,2025-10-20,2025-10-17,15000,14747,126,29.62,29.92,1
PO00378,SUP007,功率半导体,2025-09-23,2025-10-21,2025-10-20,10800,10658,67,25.7,25.45,1
PO00685,SUP012,功率半导体,2025-09-23,2025-10-08,2025-10-18,7600,7086,99,24.03,24.02,1
PO00892,SUP015,模拟芯片,2025-09-23,2025-10-09,2025-10-22,8400,7992,91,17.11,16.99,1
PO00081,SUP002,MCU控制芯片,2025-09-24,2025-10-25,2025-10-22,2100,2084,9,34.81,34.83,1
PO00138,SUP003,MCU控制芯片,2025-09-24,2025-10-24,2025-10-21,7000,6878,49,32.91,33.11,1
PO00392,SUP007,功率半导体,2025-09-24,2025-10-25,2025-10-24,11600,11529,102,25.7,25.83,1
PO00489,SUP009,功率半导体,2025-09-24,2025-10-20,2025-10-19,8000,7969,141,23.47,20.33,1
PO00533,SUP009,功率半导体,2025-09-24,2025-10-18,2025-10-19,3000,2929,61,23.47,24.06,1
PO00936,SUP016,模拟芯片,2025-09-24,2025-11-08,2025-11-06,8000,7786,63,16.57,16.89,1
PO01328,SUP023,传感器芯片,2025-09-24,2025-10-21,2025-10-19,3600,3540,21,29.62,30.0,1
PO00071,SUP002,MCU控制芯片,2025-09-25,2025-10-25,2025-10-23,12400,12251,98,34.81,35.14,1
PO00578,SUP010,功率半导体,2025-09-25,2025-10-31,2025-10-31,4100,4068,28,21.51,21.25,1
PO00902,SUP016,模拟芯片,2025-09-25,2025-11-10,2025-11-08,4400,4384,38,16.57,16.29,1
PO00732,SUP013,模拟芯片,2025-09-26,2025-10-28,2025-10-25,7900,7766,59,19.27,18.85,1
PO00798,SUP014,模拟芯片,2025-09-26,2025-10-31,2025-10-29,6000,5934,39,19.84,20.16,1
PO00838,SUP014,模拟芯片,2025-09-26,2025-10-26,2025-10-26,11500,11396,88,19.84,19.51,1
PO01180,SUP020,传感器芯片,2025-09-26,2025-11-05,2025-11-10,2600,2573,101,24.01,24.02,1
PO01265,SUP022,传感器芯片,2025-09-26,2025-10-18,2025-10-18,10000,9915,71,30.23,30.89,1
PO01283,SUP022,传感器芯片,2025-09-26,2025-10-18,2025-10-18,11000,10761,80,30.23,30.31,1
PO00931,SUP016,模拟芯片,2025-09-27,2025-11-11,2025-11-11,7800,7764,59,16.57,16.45,1
PO00206,SUP004,MCU控制芯片,2025-09-28,2025-11-07,2025-11-05,14800,14222,207,32.43,28.49,1
PO00279,SUP005,MCU控制芯片,2025-09-28,2025-10-25,2025-10-24,9000,8977,129,34.47,38.22,1
PO01231,SUP021,传感器芯片,2025-09-28,2025-10-31,2025-10-30,3500,3446,31,25.29,25.49,1
PO00107,SUP002,MCU控制芯片,2025-09-29,2025-10-28,2025-10-28,10300,10071,74,34.81,34.47,1
PO00394,SUP007,功率半导体,2025-09-29,2025-10-27,2025-10-27,11800,11610,98,25.7,25.9,1
PO00861,SUP015,模拟芯片,2025-09-29,2025-10-11,2025-10-21,12600,12500,160,17.11,17.86,1
PO00883,SUP015,模拟芯片,2025-09-29,2025-10-13,2025-10-13,2200,2074,37,17.11,17.74,0
PO00891,SUP015,模拟芯片,2025-09-29,2025-10-14,2025-10-14,5600,5393,63,17.11,17.14,1
PO01068,SUP018,模拟芯片,2025-09-29,2025-11-01,2025-10-30,9000,8782,65,19.23,19.59,1
PO01485,SUP025,存储芯片,2025-09-29,2025-11-12,2025-11-10,5500,5391,45,42.2,42.14,1
PO01557,SUP026,存储芯片,2025-09-29,2025-11-02,2025-10-31,12100,12023,87,48.9,48.46,1
PO01691,SUP029,存储芯片,2025-09-29,2025-11-06,2025-11-06,4800,4658,41,49.51,48.86,1
PO00335,SUP006,MCU控制芯片,2025-09-30,2025-11-05,2025-11-02,5800,5500,211,32.85,32.34,1
PO00657,SUP011,功率半导体,2025-09-30,2025-11-05,2025-11-02,3300,3155,38,25.67,24.99,1
PO00705,SUP012,功率半导体,2025-09-30,2025-10-17,2025-10-14,9700,9319,119,24.03,24.26,1
PO00942,SUP016,模拟芯片,2025-09-30,2025-11-14,2025-11-14,2400,2389,20,16.57,16.16,1
PO01457,SUP025,存储芯片,2025-09-30,2025-11-16,2025-11-15,10000,9809,75,42.2,42.81,1
PO00034,SUP001,MCU控制芯片,2025-10-01,2025-11-05,2025-11-18,5000,4826,270,40.43,38.99,0
PO00177,SUP003,MCU控制芯片,2025-10-01,2025-10-30,2025-10-28,13000,12966,98,32.91,32.79,1
PO00318,SUP006,MCU控制芯片,2025-10-01,2025-11-04,2025-11-10,13600,13004,538,32.85,32.81,1
PO00917,SUP016,模拟芯片,2025-10-01,2025-11-17,2025-11-16,12800,12737,99,16.57,16.18,1
PO00934,SUP016,模拟芯片,2025-10-01,2025-11-14,2025-11-12,7800,7787,60,16.57,16.97,1
PO00594,SUP010,功率半导体,2025-10-02,2025-11-10,2025-11-07,3000,2954,25,21.51,21.8,1
PO00895,SUP015,模拟芯片,2025-10-02,2025-10-14,2025-10-14,7400,7375,84,17.11,16.49,1
PO00085,SUP002,MCU控制芯片,2025-10-03,2025-10-28,2025-10-27,3700,3642,39,34.81,33.82,1
PO00128,SUP003,MCU控制芯片,2025-10-03,2025-10-29,2025-10-28,3500,3480,23,32.91,32.33,1
PO00134,SUP003,MCU控制芯片,2025-10-03,2025-11-04,2025-11-05,10000,9904,69,32.91,31.84,1
PO00847,SUP015,模拟芯片,2025-10-03,2025-10-18,2025-10-16,4600,4545,46,17.11,17.22,1
PO01060,SUP018,模拟芯片,2025-10-03,2025-11-02,2025-10-31,6000,5998,47,19.23,19.43,1
PO01085,SUP019,传感器芯片,2025-10-03,2025-11-11,2025-11-08,3500,3492,23,27.56,27.44,1
PO01322,SUP023,传感器芯片,2025-10-03,2025-11-01,2025-11-01,12000,11697,101,29.62,29.73,1
PO01378,SUP023,传感器芯片,2025-10-03,2025-10-27,2025-10-27,11400,11182,86,29.62,29.26,1
PO00078,SUP002,MCU控制芯片,2025-10-04,2025-10-31,2025-10-30,12100,11880,93,34.81,34.56,1
PO00608,SUP011,功率半导体,2025-10-04,2025-11-08,2025-11-07,11800,10937,114,25.67,24.8,1
PO00964,SUP017,模拟芯片,2025-10-04,2025-10-27,2025-10-26,11500,11378,96,15.65,15.4,1
PO01077,SUP018,模拟芯片,2025-10-04,2025-11-02,2025-11-02,5500,5486,57,19.23,19.21,1
PO01288,SUP022,传感器芯片,2025-10-04,2025-10-23,2025-10-20,4500,4444,36,30.23,30.2,1
PO01659,SUP028,存储芯片,2025-10-04,2025-11-02,2025-10-30,9000,8991,69,42.79,43.55,1
PO01783,SUP030,存储芯片,2025-10-04,2025-10-20,2025-10-18,12600,12385,93,47.57,49.85,1
PO00195,SUP004,MCU控制芯片,2025-10-05,2025-11-19,2025-11-16,3600,3535,41,32.43,37.71,0
PO00199,SUP004,MCU控制芯片,2025-10-05,2025-11-18,2025-11-21,3000,2941,36,32.43,39.0,0
PO00331,SUP006,MCU控制芯片,2025-10-05,2025-11-08,2025-11-05,4300,4057,149,32.85,33.04,1
PO00668,SUP012,功率半导体,2025-10-05,2025-10-24,2025-10-22,3300,3171,43,24.03,23.69,1
PO00696,SUP012,功率半导体,2025-10-05,2025-10-19,2025-10-25,2400,2334,36,24.03,24.23,1
PO00916,SUP016,模拟芯片,2025-10-05,2025-11-16,2025-11-23,14800,14481,111,16.57,16.61,1
PO01307,SUP022,传感器芯片,2025-10-05,2025-10-27,2025-10-24,10500,10242,80,30.23,30.23,1
PO01727,SUP029,存储芯片,2025-10-05,2025-11-12,2025-11-11,3000,2926,18,49.51,48.3,1
PO00382,SUP007,功率半导体,2025-10-06,2025-11-02,2025-10-31,4200,4127,54,25.7,25.83,1
PO00607,SUP011,功率半导体,2025-10-06,2025-11-13,2025-11-30,10500,9814,137,25.67,25.47,1
PO01564,SUP027,存储芯片,2025-10-06,2025-11-02,2025-10-30,6500,6248,355,51.65,58.94,1
PO00463,SUP008,功率半导体,2025-10-07,2025-11-15,2025-11-23,10600,10587,402,25.95,25.6,1
PO00477,SUP008,功率半导体,2025-10-07,2025-11-14,2025-11-11,13100,13097,518,25.95,25.39,1
PO00566,SUP010,功率半导体,2025-10-07,2025-11-14,2025-11-12,5600,5479,50,21.51,21.8,1
PO00946,SUP016,模拟芯片,2025-10-07,2025-11-24,2025-11-24,6000,5885,40,16.57,17.17,1
PO01356,SUP023,传感器芯片,2025-10-07,2025-11-05,2025-11-04,10800,10779,88,29.62,29.71,1
PO01787,SUP030,存储芯片,2025-10-07,2025-10-27,2025-10-27,3800,3764,25,47.57,47.15,1
PO01796,SUP030,存储芯片,2025-10-07,2025-10-23,2025-10-20,12600,12284,104,47.57,47.24,1
PO00832,SUP014,模拟芯片,2025-10-08,2025-11-12,2025-11-12,10000,9791,75,19.84,19.82,1
PO01129,SUP019,传感器芯片,2025-10-08,2025-11-14,2025-11-17,7000,6934,62,27.56,27.69,1
PO00226,SUP004,MCU控制芯片,2025-10-09,2025-11-23,2025-11-23,8200,7951,116,32.43,33.06,1
PO00263,SUP005,MCU控制芯片,2025-10-09,2025-11-05,2025-11-04,4000,3983,47,34.47,35.14,1
PO00659,SUP011,功率半导体,2025-10-09,2025-11-11,2025-11-09,9400,9129,124,25.67,26.39,1
PO01585,SUP027,存储芯片,2025-10-09,2025-11-05,2025-11-15,6600,6199,339,51.65,49.43,1
PO00498,SUP009,功率半导体,2025-10-10,2025-11-04,2025-11-02,5500,5425,94,23.47,23.78,1
PO00575,SUP010,功率半导体,2025-10-10,2025-11-17,2025-11-17,8000,7845,66,21.51,21.5,1
PO00624,SUP011,功率半导体,2025-10-10,2025-11-13,2025-11-23,14600,13874,154,25.67,25.53,1
PO00970,SUP017,模拟芯片,2025-10-10,2025-11-03,2025-11-02,13500,13105,110,15.65,16.41,1
PO01090,SUP019,传感器芯片,2025-10-10,2025-11-19,2025-11-17,5000,4989,32,27.56,27.45,1
PO01138,SUP019,传感器芯片,2025-10-10,2025-11-22,2025-11-21,10000,9784,88,27.56,27.16,1
PO01660,SUP028,存储芯片,2025-10-10,2025-11-10,2025-11-07,14000,13925,101,42.79,42.45,1
PO00030,SUP001,MCU控制芯片,2025-10-11,2025-11-16,2025-11-30,11000,9718,543,40.43,43.75,1
PO00619,SUP011,功率半导体,2025-10-11,2025-11-16,2025-11-26,2400,2259,28,25.67,25.53,1
PO01324,SUP023,传感器芯片,2025-10-11,2025-11-07,2025-11-05,13200,12843,97,29.62,29.42,1
PO01616,SUP027,存储芯片,2025-10-11,2025-11-06,2025-11-13,13800,12274,753,51.65,51.79,0
PO01637,SUP028,存储芯片,2025-10-11,2025-11-08,2025-11-08,10500,10312,67,42.79,43.15,1
PO00524,SUP009,功率半导体,2025-10-12,2025-11-03,2025-10-31,10500,10074,166,23.47,26.57,1
PO00544,SUP010,功率半导体,2025-10-12,2025-11-23,2025-11-23,5900,5754,46,21.51,21.51,1
PO00630,SUP011,功率半导体,2025-10-12,2025-11-16,2025-11-15,11400,10985,145,25.67,27.04,0
PO00841,SUP015,模拟芯片,2025-10-12,2025-10-28,2025-10-25,7800,7581,72,17.11,17.08,1
PO00176,SUP003,MCU控制芯片,2025-10-13,2025-11-14,2025-11-12,4500,4404,36,32.91,32.85,1
PO00221,SUP004,MCU控制芯片,2025-10-13,2025-11-23,2025-11-22,2200,2192,37,32.43,28.43,0
PO00665,SUP012,功率半导体,2025-10-13,2025-11-01,2025-11-01,9800,9102,88,24.03,23.97,1
PO01143,SUP020,传感器芯片,2025-10-13,2025-11-19,2025-11-19,9500,9225,386,24.01,23.37,1
PO01723,SUP029,存储芯片,2025-10-13,2025-11-17,2025-11-15,8700,8654,75,49.51,49.58,1
PO00513,SUP009,功率半导体,2025-10-14,2025-11-09,2025-11-09,6000,5905,92,23.47,24.08,1
PO01043,SUP018,模拟芯片,2025-10-14,2025-11-16,2025-11-18,6000,5962,47,19.23,19.6,1
PO01587,SUP027,存储芯片,2025-10-14,2025-11-14,2025-11-13,3400,3301,171,51.65,53.34,1
PO01624,SUP028,存储芯片,2025-10-14,2025-11-14,2025-11-14,13500,13372,86,42.79,42.43,1
PO00178,SUP003,MCU控制芯片,2025-10-15,2025-11-15,2025-11-15,8000,7933,76,32.91,32.86,1
PO00241,SUP005,MCU控制芯片,2025-10-15,2025-11-10,2025-11-09,10000,9949,159,34.47,36.92,1
PO00355,SUP006,MCU控制芯片,2025-10-15,2025-11-21,2025-11-24,7700,7601,278,32.85,31.89,1
PO01233,SUP021,传感器芯片,2025-10-15,2025-11-15,2025-11-14,11000,10751,87,25.29,25.77,1
PO01367,SUP023,传感器芯片,2025-10-15,2025-11-11,2025-11-10,14400,14394,119,29.62,29.06,1
PO01798,SUP030,存储芯片,2025-10-15,2025-11-03,2025-11-07,5400,5315,46,47.57,47.43,1
PO00145,SUP003,MCU控制芯片,2025-10-16,2025-11-12,2025-11-12,15000,14592,105,32.91,33.0,1
PO01355,SUP023,传感器芯片,2025-10-16,2025-11-13,2025-11-13,5600,5550,51,29.62,29.31,1
PO01633,SUP028,存储芯片,2025-10-16,2025-11-16,2025-11-15,8500,8402,63,42.79,42.62,1
PO01018,SUP017,模拟芯片,2025-10-17,2025-11-07,2025-11-04,4000,3913,38,15.65,15.25,1
PO01523,SUP026,存储芯片,2025-10-17,2025-11-26,2025-11-24,7400,7224,72,48.9,48.21,1
PO00620,SUP011,功率半导体,2025-10-18,2025-11-26,2025-12-01,8600,8474,117,25.67,25.16,1
PO00721,SUP013,模拟芯片,2025-10-18,2025-11-18,2025-11-15,7200,7029,62,19.27,19.47,1
PO00722,SUP013,模拟芯片,2025-10-18,2025-11-15,2025-11-14,9000,8938,80,19.27,19.21,1
PO00797,SUP014,模拟芯片,2025-10-18,2025-11-17,2025-11-15,13500,13267,101,19.84,19.67,1
PO01208,SUP021,传感器芯片,2025-10-18,2025-11-14,2025-11-15,5000,4967,46,25.29,26.01,1
PO00109,SUP002,MCU控制芯片,2025-10-19,2025-11-16,2025-11-13,14300,14052,102,34.81,34.87,1
PO00308,SUP006,MCU控制芯片,2025-10-19,2025-11-23,2025-11-22,4100,3899,159,32.85,33.6,1
PO00322,SUP006,MCU控制芯片,2025-10-19,2025-11-27,2025-11-27,14000,13874,554,32.85,32.86,1
PO00521,SUP009,功率半导体,2025-10-19,2025-11-08,2025-11-08,7500,7478,108,23.47,24.42,1
PO00840,SUP014,模拟芯片,2025-10-19,2025-11-19,2025-11-18,11500,11285,80,19.84,20.11,1
PO00997,SUP017,模拟芯片,2025-10-19,2025-11-08,2025-11-08,13500,13290,107,15.65,16.08,1
PO01382,SUP024,传感器芯片,2025-10-19,2025-11-13,2025-11-28,5000,4416,287,24.89,20.87,1
PO00260,SUP005,MCU控制芯片,2025-10-20,2025-11-17,2025-11-23,15000,14409,224,34.47,37.03,0
PO01278,SUP022,传感器芯片,2025-10-20,2025-11-12,2025-11-10,5500,5495,51,30.23,30.3,1
PO01366,SUP023,传感器芯片,2025-10-20,2025-11-13,2025-11-12,14000,13783,113,29.62,29.58,1
PO00393,SUP007,功率半导体,2025-10-21,2025-11-18,2025-11-18,11400,11144,105,25.7,25.82,1
PO00965,SUP017,模拟芯片,2025-10-21,2025-11-12,2025-11-10,9000,8993,72,15.65,15.92,1
PO01591,SUP027,存储芯片,2025-10-21,2025-11-17,2025-11-17,10400,10186,556,51.65,49.97,1
PO01681,SUP029,存储芯片,2025-10-21,2025-11-24,2025-11-23,3600,3597,31,49.51,50.96,1
PO00437,SUP008,功率半导体,2025-10-22,2025-11-29,2025-11-27,13900,13676,568,25.95,26.0,1
PO00851,SUP015,模拟芯片,2025-10-22,2025-11-07,2025-11-19,2600,2599,33,17.11,17.18,1
PO01456,SUP025,存储芯片,2025-10-22,2025-12-03,2025-12-01,9000,8762,76,42.2,43.21,1
PO01594,SUP027,存储芯片,2025-10-22,2025-11-18,2025-11-16,9500,9451,523,51.65,50.48,1
PO00170,SUP003,MCU控制芯片,2025-10-23,2025-11-19,2025-11-19,8000,7967,62,32.91,32.38,1
PO00213,SUP004,MCU控制芯片,2025-10-23,2025-12-07,2025-12-12,7600,7519,117,32.43,32.19,0
PO00782,SUP014,模拟芯片,2025-10-23,2025-11-25,2025-11-25,6500,6490,62,19.84,19.9,1
PO00156,SUP003,MCU控制芯片,2025-10-24,2025-11-21,2025-11-21,7000,6947,47,32.91,33.75,1
PO00325,SUP006,MCU控制芯片,2025-10-24,2025-11-27,2025-11-25,4200,4032,163,32.85,32.24,1
PO00662,SUP012,功率半导体,2025-10-24,2025-11-06,2025-11-04,3500,3402,45,24.03,24.38,1
PO01389,SUP024,传感器芯片,2025-10-24,2025-11-18,2025-11-29,2500,2471,144,24.89,26.69,1
PO00296,SUP005,MCU控制芯片,2025-10-25,2025-11-23,2025-11-22,5000,4776,81,34.47,31.42,1
PO00737,SUP013,模拟芯片,2025-10-25,2025-11-21,2025-11-19,8700,8466,63,19.27,19.78,1
PO00824,SUP014,模拟芯片,2025-10-25,2025-11-29,2025-11-26,11000,10953,76,19.84,20.13,1
PO00921,SUP016,模拟芯片,2025-10-25,2025-12-07,2025-12-05,2400,2330,13,16.57,16.67,1
PO01021,SUP018,模拟芯片,2025-10-25,2025-11-22,2025-11-21,9500,9493,75,19.23,20.05,1
PO01192,SUP020,传感器芯片,2025-10-25,2025-12-01,2025-12-01,14700,14522,589,24.01,24.86,1
PO00579,SUP010,功率半导体,2025-10-26,2025-12-07,2025-12-04,4300,4254,38,21.51,21.17,1
PO01128,SUP019,传感器芯片,2025-10-26,2025-12-08,2025-12-08,13500,13444,81,27.56,28.85,1
PO01448,SUP025,存储芯片,2025-10-26,2025-12-10,2025-12-07,7000,6881,35,42.2,42.08,1
PO00160,SUP003,MCU控制芯片,2025-10-27,2025-11-27,2025-11-27,4500,4402,34,32.91,31.92,1
PO00428,SUP008,功率半导体,2025-10-27,2025-12-06,2025-12-06,12700,12275,468,25.95,27.19,1
PO00621,SUP011,功率半导体,2025-10-27,2025-12-04,2025-12-14,6100,5741,61,25.67,25.91,1
PO00929,SUP016,模拟芯片,2025-10-27,2025-12-11,2025-12-11,9400,9392,76,16.57,16.26,1
PO01399,SUP024,传感器芯片,2025-10-27,2025-11-22,2025-11-19,11000,10860,629,24.89,23.37,1
PO00116,SUP002,MCU控制芯片,2025-10-28,2025-11-25,2025-11-22,7600,7540,57,34.81,34.81,1
PO00222,SUP004,MCU控制芯片,2025-10-28,2025-12-07,2025-12-06,4600,4457,72,32.43,33.62,1
PO00448,SUP008,功率半导体,2025-10-28,2025-12-03,2025-12-01,9900,9411,397,25.95,25.63,1
PO01224,SUP021,传感器芯片,2025-10-28,2025-11-26,2025-11-25,7500,7368,58,25.29,26.34,1
PO01690,SUP029,存储芯片,2025-10-28,2025-12-04,2025-12-06,8500,8475,66,49.51,49.52,1
PO00073,SUP002,MCU控制芯片,2025-10-29,2025-11-25,2025-11-25,9800,9543,70,34.81,34.84,1
PO00185,SUP004,MCU控制芯片,2025-10-29,2025-12-10,2025-12-09,4800,4582,70,32.43,35.72,1
PO00560,SUP010,功率半导体,2025-10-29,2025-12-09,2025-12-09,11900,11651,97,21.51,21.22,1
PO00922,SUP016,模拟芯片,2025-10-29,2025-12-13,2025-12-12,6200,6068,56,16.57,16.54,1
PO01190,SUP020,传感器芯片,2025-10-29,2025-12-04,2025-12-05,3400,3282,119,24.01,24.54,1
PO01196,SUP020,传感器芯片,2025-10-29,2025-12-04,2025-12-01,9600,9095,364,24.01,24.56,1
PO01460,SUP025,存储芯片,2025-10-29,2025-12-10,2025-12-09,14500,14405,113,42.2,43.49,1
PO01550,SUP026,存储芯片,2025-10-29,2025-12-04,2025-12-03,6100,6023,53,48.9,49.92,1
PO00506,SUP009,功率半导体,2025-10-30,2025-11-22,2025-11-20,6000,5898,77,23.47,22.52,1
PO00567,SUP010,功率半导体,2025-10-30,2025-12-10,2025-12-16,5900,5838,57,21.51,21.34,1
PO01036,SUP018,模拟芯片,2025-10-30,2025-11-29,2025-11-27,6000,5827,41,19.23,18.88,1
PO00111,SUP002,MCU控制芯片,2025-10-31,2025-11-30,2025-11-28,2400,2365,13,34.81,35.32,1
PO00603,SUP011,功率半导体,2025-10-31,2025-12-07,2025-12-15,13800,12773,143,25.67,25.8,1
PO01483,SUP025,存储芯片,2025-10-31,2025-12-18,2025-12-18,14500,14393,119,42.2,42.99,1
PO01778,SUP030,存储芯片,2025-10-31,2025-11-16,2025-11-13,7000,6847,55,47.57,47.3,1
PO00169,SUP003,MCU控制芯片,2025-11-01,2025-11-28,2025-11-28,11500,11186,89,32.91,33.38,1
PO00858,SUP015,模拟芯片,2025-11-01,2025-11-13,2025-11-12,10800,10256,143,17.11,16.93,1
PO01413,SUP024,传感器芯片,2025-11-01,2025-11-24,2025-11-23,4000,3777,200,24.89,28.18,0
PO00019,SUP001,MCU控制芯片,2025-11-02,2025-12-08,2025-12-08,14800,14448,769,40.43,41.05,1
PO00588,SUP010,功率半导体,2025-11-02,2025-12-10,2025-12-09,11800,11551,82,21.51,22.87,0
PO00715,SUP012,功率半导体,2025-11-02,2025-11-20,2025-11-22,14000,12886,149,24.03,24.0,1
PO00723,SUP013,模拟芯片,2025-11-02,2025-12-03,2025-12-02,12800,12440,107,19.27,18.86,1
PO01067,SUP018,模拟芯片,2025-11-02,2025-12-01,2025-11-30,13500,13286,102,19.23,18.94,1
PO01279,SUP022,传感器芯片,2025-11-02,2025-11-24,2025-11-23,9500,9364,85,30.23,30.3,1
PO01380,SUP023,传感器芯片,2025-11-02,2025-11-28,2025-11-26,13000,12974,98,29.62,29.98,1
PO01493,SUP025,存储芯片,2025-11-02,2025-12-17,2025-12-16,14000,13750,133,42.2,43.51,1
PO01497,SUP025,存储芯片,2025-11-02,2025-12-15,2025-12-14,14000,13605,89,42.2,42.51,1
PO01498,SUP025,存储芯片,2025-11-02,2025-12-15,2025-12-14,5000,4931,49,42.2,42.13,1
PO01761,SUP030,存储芯片,2025-11-02,2025-11-16,2025-11-17,12600,12281,104,47.57,47.46,1
PO00094,SUP002,MCU控制芯片,2025-11-03,2025-12-04,2025-12-01,11700,11514,82,34.81,34.44,1
PO00687,SUP012,功率半导体,2025-11-03,2025-11-16,2025-11-16,2400,2215,23,24.03,23.19,1
PO01185,SUP020,传感器芯片,2025-11-03,2025-12-13,2025-12-13,14200,13703,575,24.01,23.33,1
PO01198,SUP020,传感器芯片,2025-11-03,2025-12-08,2025-12-05,12100,11811,505,24.01,23.19,1
PO00210,SUP004,MCU控制芯片,2025-11-04,2025-12-15,2025-12-15,4600,4381,71,32.43,34.75,1
PO00452,SUP008,功率半导体,2025-11-04,2025-12-09,2025-12-07,14500,13873,506,25.95,25.36,1
PO00500,SUP009,功率半导体,2025-11-04,2025-11-26,2025-11-30,5500,5473,71,23.47,25.04,1
PO01092,SUP019,传感器芯片,2025-11-04,2025-12-16,2025-12-13,5500,5429,38,27.56,27.9,1
PO00026,SUP001,MCU控制芯片,2025-11-05,2025-12-06,2025-12-17,4800,4416,244,40.43,39.81,1
PO00090,SUP002,MCU控制芯片,2025-11-05,2025-11-30,2025-11-27,11800,11634,97,34.81,34.36,1
PO00099,SUP002,MCU控制芯片,2025-11-05,2025-12-03,2025-12-01,4300,4293,36,34.81,34.99,1
PO00766,SUP013,模拟芯片,2025-11-05,2025-12-01,2025-12-01,2300,2296,38,19.27,19.06,1
PO01059,SUP018,模拟芯片,2025-11-05,2025-12-05,2025-12-05,3000,2986,22,19.23,19.34,1
PO01151,SUP020,传感器芯片,2025-11-05,2025-12-13,2025-12-11,11800,11557,495,24.01,23.6,1
PO00023,SUP001,MCU控制芯片,2025-11-06,2025-12-08,2025-12-15,11600,10340,530,40.43,40.16,1
PO00175,SUP003,MCU控制芯片,2025-11-06,2025-12-05,2025-12-02,4000,3993,37,32.91,32.81,1
PO00366,SUP007,功率半导体,2025-11-06,2025-12-02,2025-11-29,12000,11828,109,25.7,25.72,1
PO00523,SUP009,功率半导体,2025-11-06,2025-11-27,2025-11-26,11500,11090,170,23.47,23.84,1
PO01063,SUP018,模拟芯片,2025-11-06,2025-12-09,2025-12-06,13500,13330,113,19.23,18.96,1
PO01711,SUP029,存储芯片,2025-11-06,2025-12-16,2025-12-14,5900,5892,46,49.51,50.16,1
PO00136,SUP003,MCU控制芯片,2025-11-07,2025-12-06,2025-12-04,4500,4470,44,32.91,32.34,1
PO00208,SUP004,MCU控制芯片,2025-11-07,2025-12-20,2025-12-20,13200,12587,188,32.43,27.25,1
PO00354,SUP006,MCU控制芯片,2025-11-07,2025-12-10,2025-12-09,8900,8850,373,32.85,31.61,1
PO00908,SUP016,模拟芯片,2025-11-07,2025-12-21,2025-12-20,10200,10018,89,16.57,16.45,1
PO00991,SUP017,模拟芯片,2025-11-07,2025-11-30,2025-11-27,8000,7983,69,15.65,15.63,1
PO01415,SUP024,传感器芯片,2025-11-07,2025-12-01,2025-11-28,11500,10191,548,24.89,27.63,1
PO01752,SUP030,存储芯片,2025-11-07,2025-11-26,2025-11-24,13800,13753,116,47.57,47.38,1
PO00493,SUP009,功率半导体,2025-11-08,2025-11-30,2025-11-30,4500,4325,70,23.47,21.54,1
PO00587,SUP010,功率半导体,2025-11-08,2025-12-20,2025-12-20,4600,4594,24,21.51,21.41,1
PO00689,SUP012,功率半导体,2025-11-08,2025-11-23,2025-11-22,3800,3514,41,24.03,23.26,1
PO00155,SUP003,MCU控制芯片,2025-11-09,2025-12-09,2025-12-08,10500,10344,85,32.91,32.04,1
PO00670,SUP012,功率半导体,2025-11-09,2025-11-26,2025-12-07,9400,9144,91,24.03,23.82,1
PO01193,SUP020,传感器芯片,2025-11-09,2025-12-20,2025-12-18,12100,12067,501,24.01,24.16,1
PO00072,SUP002,MCU控制芯片,2025-11-11,2025-12-06,2025-12-05,2300,2242,20,34.81,35.71,1
PO01172,SUP020,传感器芯片,2025-11-11,2025-12-18,2025-12-22,6600,6573,275,24.01,23.57,1
PO01235,SUP021,传感器芯片,2025-11-11,2025-12-12,2025-12-10,9000,8938,59,25.29,25.29,1
PO01695,SUP029,存储芯片,2025-11-11,2025-12-16,2025-12-16,9600,9331,84,49.51,49.1,1
PO00055,SUP001,MCU控制芯片,2025-11-12,2025-12-16,2025-12-16,5600,4948,263,40.43,36.22,1
PO00067,SUP002,MCU控制芯片,2025-11-12,2025-12-11,2025-12-09,6300,6287,46,34.81,34.84,1
PO00565,SUP010,功率半导体,2025-11-12,2025-12-23,2025-12-22,9600,9526,81,21.51,21.63,1
PO00345,SUP006,MCU控制芯片,2025-11-13,2025-12-16,2025-12-17,14700,14442,568,32.85,32.97,1
PO00714,SUP012,功率半导体,2025-11-13,2025-12-01,2025-11-28,13300,13026,167,24.03,24.47,1
PO01398,SUP024,传感器芯片,2025-11-13,2025-12-12,2025-12-10,9000,8627,485,24.89,22.69,0
PO01412,SUP024,传感器芯片,2025-11-13,2025-12-08,2025-12-15,2500,2321,118,24.89,25.91,0
PO01648,SUP028,存储芯片,2025-11-13,2025-12-11,2025-12-09,9000,8952,74,42.79,42.76,1
PO01712,SUP029,存储芯片,2025-11-13,2025-12-23,2025-12-21,7100,6984,46,49.51,50.0,1
PO00077,SUP002,MCU控制芯片,2025-11-15,2025-12-13,2025-12-11,5500,5497,34,34.81,37.18,0
PO00251,SUP005,MCU控制芯片,2025-11-15,2025-12-10,2025-12-08,11000,10986,167,34.47,39.06,1
PO00912,SUP016,模拟芯片,2025-11-15,2026-01-01,2025-12-29,2800,2777,21,16.57,16.68,1
PO01799,SUP030,存储芯片,2025-11-15,2025-12-03,2025-11-30,4800,4794,42,47.57,47.9,1
PO00018,SUP001,MCU控制芯片,2025-11-16,2025-12-23,2026-01-03,7600,6781,381,40.43,33.38,1
PO00497,SUP009,功率半导体,2025-11-16,2025-12-10,2025-12-14,4000,3952,65,23.47,25.68,1
PO00803,SUP014,模拟芯片,2025-11-16,2025-12-19,2025-12-18,12000,11921,90,19.84,19.79,1
PO01097,SUP019,传感器芯片,2025-11-16,2025-12-28,2025-12-25,10000,9758,54,27.56,27.55,1
PO01303,SUP022,传感器芯片,2025-11-16,2025-12-06,2025-12-05,13000,12879,119,30.23,29.87,1
PO01437,SUP024,传感器芯片,2025-11-16,2025-12-13,2025-12-25,8500,7661,428,24.89,20.65,1
PO00353,SUP006,MCU控制芯片,2025-11-17,2025-12-20,2025-12-20,14700,13843,553,32.85,32.96,1
PO00473,SUP008,功率半导体,2025-11-17,2025-12-23,2025-12-30,9300,8767,356,25.95,25.72,1
PO00591,SUP010,功率半导体,2025-11-17,2025-12-24,2025-12-23,5500,5489,42,21.51,21.32,1
PO00672,SUP012,功率半导体,2025-11-17,2025-12-05,2025-12-15,12300,11532,129,24.03,23.91,1
PO01171,SUP020,传感器芯片,2025-11-17,2025-12-26,2025-12-30,10900,10287,426,24.01,23.93,1
PO01434,SUP024,传感器芯片,2025-11-17,2025-12-10,2025-12-08,12500,11399,620,24.89,27.21,1
PO01556,SUP026,存储芯片,2025-11-17,2025-12-26,2025-12-23,6700,6543,47,48.9,49.11,1
PO01679,SUP028,存储芯片,2025-11-17,2025-12-16,2025-12-16,3000,2938,19,42.79,42.01,1
PO00015,SUP001,MCU控制芯片,2025-11-18,2025-12-19,2025-12-18,4000,3916,224,40.43,42.19,1
PO00389,SUP007,功率半导体,2025-11-18,2025-12-18,2025-12-18,12000,11997,107,25.7,26.16,1
PO00658,SUP011,功率半导体,2025-11-18,2025-12-24,2025-12-23,13900,13810,164,25.67,25.29,1
PO01299,SUP022,传感器芯片,2025-11-18,2025-12-05,2025-12-03,4500,4405,38,30.23,30.86,0
PO01581,SUP027,存储芯片,2025-11-18,2025-12-14,2025-12-13,9000,8708,463,51.65,56.9,1
PO00035,SUP001,MCU控制芯片,2025-11-19,2025-12-23,2025-12-20,13400,12025,596,40.43,44.74,1
PO00158,SUP003,MCU控制芯片,2025-11-19,2025-12-20,2025-12-20,5500,5356,39,32.91,32.34,1
PO00348,SUP006,MCU控制芯片,2025-11-19,2025-12-23,2025-12-23,7900,7803,316,32.85,32.6,1
PO00384,SUP007,功率半导体,2025-11-19,2025-12-16,2025-12-14,6000,5882,49,25.7,25.55,1
PO00476,SUP008,功率半导体,2025-11-19,2025-12-28,2025-12-26,5200,5158,197,25.95,26.32,1
PO00977,SUP017,模拟芯片,2025-11-19,2025-12-14,2025-12-14,14500,14315,129,15.65,15.59,1
PO01152,SUP020,传感器芯片,2025-11-19,2025-12-30,2025-12-28,9700,9623,396,24.01,23.9,1
PO00517,SUP009,功率半导体,2025-11-20,2025-12-12,2025-12-11,9000,8813,139,23.47,23.84,0
PO00632,SUP011,功率半导体,2025-11-20,2025-12-29,2025-12-26,12400,11694,125,25.67,26.95,0
PO00692,SUP012,功率半导体,2025-11-20,2025-12-09,2025-12-22,10900,10658,133,24.03,24.31,1
PO01042,SUP018,模拟芯片,2025-11-20,2025-12-17,2025-12-17,14000,13584,102,19.23,18.76,1
PO01105,SUP019,传感器芯片,2025-11-20,2026-01-01,2025-12-30,9000,8954,54,27.56,27.23,1
PO01463,SUP025,存储芯片,2025-11-20,2026-01-06,2026-01-05,10500,10402,79,42.2,42.42,1
PO01570,SUP027,存储芯片,2025-11-20,2025-12-20,2026-01-05,12000,10867,591,51.65,49.56,0
PO00079,SUP002,MCU控制芯片,2025-11-21,2025-12-20,2025-12-20,14800,14450,117,34.81,34.83,1
PO00124,SUP003,MCU控制芯片,2025-11-21,2025-12-20,2025-12-18,6000,5859,46,32.91,33.12,1
PO00165,SUP003,MCU控制芯片,2025-11-21,2025-12-20,2025-12-19,10000,9751,83,32.91,32.73,1
PO00590,SUP010,功率半导体,2025-11-21,2025-12-29,2025-12-31,5700,5581,45,21.51,21.83,1
PO00615,SUP011,功率半导体,2025-11-21,2025-12-29,2026-01-06,13300,12923,149,25.67,25.69,1
PO00780,SUP013,模拟芯片,2025-11-21,2025-12-17,2025-12-14,3900,3821,39,19.27,19.41,1
PO00886,SUP015,模拟芯片,2025-11-21,2025-12-06,2025-12-04,5000,4910,60,17.11,17.18,1
PO01110,SUP019,传感器芯片,2025-11-21,2025-12-29,2025-12-27,15000,14874,138,27.56,27.16,1
PO01592,SUP027,存储芯片,2025-11-21,2025-12-23,2026-01-05,8200,7770,418,51.65,54.53,1
PO00520,SUP009,功率半导体,2025-11-22,2025-12-13,2025-12-13,11500,11254,187,23.47,19.82,1
PO00751,SUP013,模拟芯片,2025-11-22,2025-12-20,2025-12-19,3900,3815,33,19.27,19.33,1
PO01237,SUP021,传感器芯片,2025-11-22,2025-12-24,2025-12-22,15000,14927,128,25.29,25.49,1
PO01345,SUP023,传感器芯片,2025-11-22,2025-12-21,2025-12-18,6000,5915,49,29.62,29.73,1
PO01354,SUP023,传感器芯片,2025-11-22,2025-12-18,2025-12-17,4000,3922,31,29.62,29.97,1
PO01469,SUP025,存储芯片,2025-11-22,2026-01-05,2026-01-02,11500,11482,90,42.2,42.32,1
PO00990,SUP017,模拟芯片,2025-11-23,2025-12-14,2025-12-14,3000,2982,19,15.65,15.37,1
PO01241,SUP021,传感器芯片,2025-11-23,2025-12-22,2025-12-20,3500,3439,27,25.29,25.2,1
PO01478,SUP025,存储芯片,2025-11-23,2026-01-07,2026-01-06,12000,11730,79,42.2,43.37,1
PO01709,SUP029,存储芯片,2025-11-23,2025-12-31,2025-12-31,6000,5886,43,49.51,49.74,1
PO00031,SUP001,MCU控制芯片,2025-11-24,2025-12-25,2025-12-22,14000,12329,651,40.43,34.44,1
PO00070,SUP002,MCU控制芯片,2025-11-24,2025-12-24,2025-12-23,5400,5387,36,34.81,35.4,1
PO00154,SUP003,MCU控制芯片,2025-11-24,2025-12-26,2025-12-25,5000,4945,41,32.91,32.55,1
PO00454,SUP008,功率半导体,2025-11-24,2025-12-31,2025-12-28,2100,2019,74,25.95,26.16,1
PO00901,SUP016,模拟芯片,2025-11-24,2026-01-09,2026-01-09,9800,9744,97,16.57,16.54,1
PO00948,SUP016,模拟芯片,2025-11-24,2026-01-10,2026-01-10,4800,4734,50,16.57,17.42,1
PO01055,SUP018,模拟芯片,2025-11-24,2025-12-23,2025-12-23,6000,5980,53,19.23,19.59,1
PO01083,SUP019,传感器芯片,2025-11-24,2026-01-06,2026-01-04,5500,5499,52,27.56,27.25,1
PO01300,SUP022,传感器芯片,2025-11-24,2025-12-15,2025-12-14,15000,14752,110,30.23,29.6,1
PO01737,SUP029,存储芯片,2025-11-24,2026-01-02,2025-12-30,3500,3489,28,49.51,49.36,1
PO01588,SUP027,存储芯片,2025-11-25,2025-12-23,2025-12-21,13100,11808,622,51.65,44.79,0
PO01627,SUP028,存储芯片,2025-11-25,2025-12-27,2025-12-25,11000,10754,100,42.79,42.92,1
PO01684,SUP029,存储芯片,2025-11-25,2026-01-01,2025-12-30,8400,8170,66,49.51,49.32,1
PO00455,SUP008,功率半导体,2025-11-26,2026-01-06,2026-01-04,15000,14644,588,25.95,26.61,1
PO00571,SUP010,功率半导体,2025-11-26,2026-01-06,2026-01-05,5100,5066,40,21.51,21.68,1
PO00876,SUP015,模拟芯片,2025-11-27,2025-12-12,2025-12-10,10800,10462,117,17.11,16.85,1
PO01087,SUP019,传感器芯片,2025-11-27,2026-01-08,2026-01-05,3500,3448,30,27.56,27.43,1
PO01137,SUP019,传感器芯片,2025-11-27,2026-01-09,2026-01-06,9000,8766,65,27.56,27.63,1
PO01701,SUP029,存储芯片,2025-11-27,2025-12-31,2025-12-31,5400,5377,46,49.51,48.7,1
PO00101,SUP002,MCU控制芯片,2025-11-28,2025-12-24,2025-12-24,6300,6235,51,34.81,35.56,1
PO00163,SUP003,MCU控制芯片,2025-11-28,2025-12-27,2025-12-26,12000,11941,95,32.91,32.08,1
PO00622,SUP011,功率半导体,2025-11-28,2026-01-02,2025-12-31,8000,7389,91,25.67,25.85,1
PO01034,SUP018,模拟芯片,2025-11-28,2025-12-28,2025-12-28,10500,10347,87,19.23,19.14,1
PO00217,SUP004,MCU控制芯片,2025-11-29,2026-01-14,2026-01-12,6000,5709,94,32.43,35.34,1
PO00275,SUP005,MCU控制芯片,2025-11-29,2025-12-28,2025-12-27,9500,9075,127,34.47,35.11,1
PO00814,SUP014,模拟芯片,2025-11-29,2025-12-29,2025-12-29,13500,13240,100,19.84,19.81,1
PO00877,SUP015,模拟芯片,2025-11-29,2025-12-17,2026-01-01,10400,10085,115,17.11,16.95,1
PO01212,SUP021,传感器芯片,2025-11-29,2025-12-26,2025-12-24,7000,6863,53,25.29,25.46,1
PO01454,SUP025,存储芯片,2025-11-29,2026-01-10,2026-01-09,7000,6792,59,42.2,41.42,1
PO00080,SUP002,MCU控制芯片,2025-11-30,2025-12-27,2025-12-25,10500,10432,72,34.81,34.42,1
PO01080,SUP018,模拟芯片,2025-11-30,2025-12-29,2025-12-26,15000,14848,105,19.23,18.96,1
PO01392,SUP024,传感器芯片,2025-11-30,2025-12-24,2026-01-07,7000,6270,325,24.89,29.12,0
PO01697,SUP029,存储芯片,2025-11-30,2026-01-05,2026-01-02,3100,3016,33,49.51,50.5,1
PO00377,SUP007,功率半导体,2025-12-01,2025-12-30,2025-12-29,6800,6629,50,25.7,25.57,1
PO00583,SUP010,功率半导体,2025-12-01,2026-01-10,2026-01-07,6300,6274,46,21.51,21.61,1
PO00761,SUP013,模拟芯片,2025-12-01,2026-01-01,2025-12-30,6800,6692,44,19.27,19.43,1
PO00926,SUP016,模拟芯片,2025-12-01,2026-01-14,2026-01-12,4000,3906,33,16.57,17.08,1
PO01683,SUP029,存储芯片,2025-12-01,2026-01-10,2026-01-07,6600,6598,48,49.51,50.03,1
PO00038,SUP001,MCU控制芯片,2025-12-02,2026-01-02,2026-01-14,3400,3223,158,40.43,44.73,1
PO00259,SUP005,MCU控制芯片,2025-12-02,2025-12-31,2025-12-28,5500,5254,76,34.47,33.72,1
PO00661,SUP012,功率半导体,2025-12-02,2025-12-21,2025-12-29,9100,8489,108,24.03,24.62,1
PO00775,SUP013,模拟芯片,2025-12-02,2025-12-28,2025-12-27,2700,2643,27,19.27,19.29,1
PO01552,SUP026,存储芯片,2025-12-02,2026-01-07,2026-01-07,5900,5755,32,48.9,49.44,1
PO01747,SUP030,存储芯片,2025-12-02,2025-12-20,2025-12-19,9000,8907,75,47.57,47.62,1
PO00254,SUP005,MCU控制芯片,2025-12-03,2025-12-30,2025-12-30,10000,9832,147,34.47,36.66,1
PO01373,SUP023,传感器芯片,2025-12-03,2026-01-01,2025-12-30,14600,14315,100,29.62,29.46,1
PO01657,SUP028,存储芯片,2025-12-03,2026-01-03,2026-01-02,7500,7466,57,42.79,43.7,1
PO00043,SUP001,MCU控制芯片,2025-12-04,2026-01-08,2026-01-17,8200,7379,404,40.43,39.66,1
PO00054,SUP001,MCU控制芯片,2025-12-04,2026-01-09,2026-01-07,2200,2131,125,40.43,50.63,0
PO00204,SUP004,MCU控制芯片,2025-12-04,2026-01-14,2026-01-11,4600,4388,77,32.43,30.63,1
PO00292,SUP005,MCU控制芯片,2025-12-04,2026-01-02,2025-12-31,5500,5448,84,34.47,36.86,1
PO00411,SUP007,功率半导体,2025-12-04,2026-01-01,2026-01-01,12000,11831,94,25.7,25.68,1
PO00645,SUP011,功率半导体,2025-12-04,2026-01-06,2026-01-04,2500,2450,28,25.67,26.51,1
PO00791,SUP014,模拟芯片,2025-12-04,2026-01-06,2026-01-03,9000,8779,78,19.84,19.97,1
PO01029,SUP018,模拟芯片,2025-12-04,2026-01-02,2025-12-30,11500,11340,82,19.23,19.04,1
PO01112,SUP019,传感器芯片,2025-12-04,2026-01-15,2026-01-21,3000,2934,26,27.56,27.64,1
PO01330,SUP023,传感器芯片,2025-12-04,2025-12-27,2025-12-25,8800,8795,78,29.62,28.83,1
PO01759,SUP030,存储芯片,2025-12-04,2025-12-20,2025-12-18,3600,3558,29,47.57,45.85,1
PO01526,SUP026,存储芯片,2025-12-05,2026-01-12,2026-01-09,10400,10127,77,48.9,49.86,1
PO01560,SUP026,存储芯片,2025-12-05,2026-01-14,2026-01-13,3800,3712,25,48.9,49.0,1
PO01619,SUP027,存储芯片,2025-12-05,2026-01-05,2026-01-04,6300,5602,340,51.65,53.07,0
PO01794,SUP030,存储芯片,2025-12-05,2025-12-19,2025-12-17,11400,11063,85,47.57,48.35,1
PO00127,SUP003,MCU控制芯片,2025-12-06,2026-01-03,2026-01-03,15000,14919,118,32.91,33.17,1
PO00137,SUP003,MCU控制芯片,2025-12-06,2026-01-05,2026-01-03,7000,6811,64,32.91,31.69,1
PO00162,SUP003,MCU控制芯片,2025-12-06,2026-01-04,2026-01-02,13000,12919,116,32.91,34.31,0
PO00453,SUP008,功率半导体,2025-12-06,2026-01-14,2026-01-13,7500,7417,305,25.95,24.86,1
PO00546,SUP010,功率半导体,2025-12-06,2026-01-12,2026-01-12,10500,10205,76,21.51,21.74,1
PO00641,SUP011,功率半导体,2025-12-06,2026-01-13,2026-01-11,11600,10993,138,25.67,26.11,1
PO00760,SUP013,模拟芯片,2025-12-06,2026-01-04,2026-01-03,7500,7473,69,19.27,19.43,1
PO01381,SUP024,传感器芯片,2025-12-06,2026-01-03,2026-01-03,8500,7832,455,24.89,20.23,1
PO00095,SUP002,MCU控制芯片,2025-12-07,2026-01-03,2026-01-01,10100,10025,88,34.81,34.29,1
PO00273,SUP005,MCU控制芯片,2025-12-07,2026-01-03,2026-01-09,5500,5451,76,34.47,35.52,1
PO00525,SUP009,功率半导体,2025-12-07,2025-12-30,2025-12-30,10000,9892,140,23.47,22.36,0
PO00855,SUP015,模拟芯片,2025-12-07,2025-12-25,2025-12-24,13200,12933,125,17.11,16.7,1
PO00918,SUP016,模拟芯片,2025-12-07,2026-01-19,2026-01-19,8600,8344,68,16.57,16.68,1
PO01016,SUP017,模拟芯片,2025-12-07,2026-01-02,2025-12-30,6500,6365,43,15.65,15.79,1
PO01685,SUP029,存储芯片,2025-12-07,2026-01-11,2026-01-08,3700,3609,20,49.51,49.41,1
PO00009,SUP001,MCU控制芯片,2025-12-08,2026-01-13,2026-01-23,13400,13355,764,40.43,47.81,0
PO00967,SUP017,模拟芯片,2025-12-08,2026-01-02,2025-12-30,6000,5956,41,15.65,15.47,1
PO00993,SUP017,模拟芯片,2025-12-08,2026-01-03,2026-01-01,4000,3881,32,15.65,15.47,1
PO01093,SUP019,传感器芯片,2025-12-08,2026-01-17,2026-01-15,7500,7334,51,27.56,27.53,1
PO01134,SUP019,传感器芯片,2025-12-08,2026-01-16,2026-01-16,11000,10977,94,27.56,27.31,1
PO01205,SUP021,传感器芯片,2025-12-08,2026-01-10,2026-01-08,12500,12206,97,25.29,25.96,1
PO01336,SUP023,传感器芯片,2025-12-08,2026-01-04,2026-01-03,7400,7337,56,29.62,29.54,1
PO00005,SUP001,MCU控制芯片,2025-12-09,2026-01-14,2026-02-01,5200,4922,262,40.43,36.78,1
PO00323,SUP006,MCU控制芯片,2025-12-09,2026-01-17,2026-01-17,14500,14292,582,32.85,33.08,1
PO00526,SUP009,功率半导体,2025-12-09,2025-12-30,2025-12-28,5500,5324,81,23.47,22.57,0
PO00548,SUP010,功率半导体,2025-12-09,2026-01-16,2026-01-14,13500,13385,105,21.51,21.27,1
PO00860,SUP015,模拟芯片,2025-12-09,2025-12-26,2026-01-03,8200,7651,88,17.11,17.1,1
PO01312,SUP022,传感器芯片,2025-12-09,2026-01-01,2026-01-01,5000,4921,37,30.23,30.66,1
PO01348,SUP023,传感器芯片,2025-12-09,2026-01-04,2026-01-02,14200,13869,106,29.62,29.32,1
PO00799,SUP014,模拟芯片,2025-12-10,2026-01-12,2026-01-13,11000,10896,97,19.84,19.56,1
PO00830,SUP014,模拟芯片,2025-12-10,2026-01-08,2026-01-06,4500,4420,24,19.84,20.21,1
PO00869,SUP015,模拟芯片,2025-12-10,2025-12-24,2025-12-21,9200,8870,86,17.11,16.58,1
PO00999,SUP017,模拟芯片,2025-12-10,2026-01-03,2026-01-06,10000,9815,90,15.65,15.7,1
PO01491,SUP025,存储芯片,2025-12-10,2026-01-24,2026-01-22,10500,10373,90,42.2,42.03,1
PO01688,SUP029,存储芯片,2025-12-11,2026-01-16,2026-01-13,13400,13359,92,49.51,50.11,1
PO01719,SUP029,存储芯片,2025-12-11,2026-01-14,2026-01-12,9800,9741,102,49.51,49.06,1
PO01785,SUP030,存储芯片,2025-12-11,2025-12-25,2025-12-23,10600,10459,81,47.57,46.97,1
PO00419,SUP007,功率半导体,2025-12-12,2026-01-06,2026-01-04,14200,13812,124,25.7,25.82,1
PO01280,SUP022,传感器芯片,2025-12-12,2025-12-29,2025-12-31,12500,12411,104,30.23,30.65,1
PO00266,SUP005,MCU控制芯片,2025-12-13,2026-01-11,2026-01-11,10000,9873,154,34.47,32.6,1
PO00577,SUP010,功率半导体,2025-12-13,2026-01-23,2026-01-21,6800,6615,63,21.51,21.45,1
PO01687,SUP029,存储芯片,2025-12-13,2026-01-17,2026-01-16,13300,13154,102,49.51,49.8,1
PO00188,SUP004,MCU控制芯片,2025-12-14,2026-01-27,2026-01-24,3200,3162,52,32.43,30.62,1
PO00800,SUP014,模拟芯片,2025-12-14,2026-01-15,2026-01-13,5000,4926,41,19.84,19.72,1
PO01254,SUP021,传感器芯片,2025-12-15,2026-01-14,2026-01-12,15000,14752,129,25.29,24.6,1
PO01634,SUP028,存储芯片,2025-12-15,2026-01-14,2026-01-11,8500,8367,87,42.79,42.95,1
PO01720,SUP029,存储芯片,2025-12-15,2026-01-24,2026-01-22,8300,8194,57,49.51,48.85,1
PO01791,SUP030,存储芯片,2025-12-15,2026-01-01,2025-12-29,4800,4760,33,47.57,48.0,1
PO00561,SUP010,功率半导体,2025-12-16,2026-01-26,2026-01-25,11700,11506,99,21.51,20.95,1
PO00725,SUP013,模拟芯片,2025-12-16,2026-01-15,2026-01-14,13600,13458,120,19.27,19.84,1
PO00852,SUP015,模拟芯片,2025-12-16,2025-12-28,2025-12-28,3800,3718,54,17.11,16.97,1
PO01284,SUP022,传感器芯片,2025-12-16,2026-01-02,2025-12-30,7000,6940,53,30.23,30.13,1
PO01714,SUP029,存储芯片,2025-12-16,2026-01-20,2026-01-17,11400,11133,89,49.51,50.45,1
PO00024,SUP001,MCU控制芯片,2025-12-17,2026-01-23,2026-01-22,9800,9544,514,40.43,44.96,0
PO00179,SUP003,MCU控制芯片,2025-12-17,2026-01-16,2026-01-15,5000,4912,47,32.91,32.98,1
PO00258,SUP005,MCU控制芯片,2025-12-17,2026-01-13,2026-01-11,8000,7946,131,34.47,40.18,0
PO00648,SUP011,功率半导体,2025-12-17,2026-01-22,2026-01-19,5000,4741,53,25.67,26.6,1
PO00874,SUP015,模拟芯片,2025-12-17,2025-12-30,2025-12-29,8400,7820,91,17.11,18.79,0
PO00952,SUP016,模拟芯片,2025-12-17,2026-01-30,2026-02-02,5000,4909,33,16.57,16.43,1
PO01099,SUP019,传感器芯片,2025-12-17,2026-01-29,2026-01-28,11500,11177,89,27.56,27.59,1
PO01111,SUP019,传感器芯片,2025-12-17,2026-01-29,2026-01-28,8500,8337,67,27.56,27.08,1
PO01153,SUP020,传感器芯片,2025-12-17,2026-01-23,2026-01-26,14000,13882,530,24.01,23.3,1
PO01173,SUP020,传感器芯片,2025-12-17,2026-01-26,2026-01-26,14800,14667,573,24.01,24.47,1
PO01629,SUP028,存储芯片,2025-12-17,2026-01-15,2026-01-13,9500,9264,82,42.79,42.03,1
PO00193,SUP004,MCU控制芯片,2025-12-18,2026-01-29,2026-01-26,11400,11155,151,32.43,34.24,0
PO00789,SUP014,模拟芯片,2025-12-18,2026-01-19,2026-01-23,13500,13108,110,19.84,19.29,1
PO00979,SUP017,模拟芯片,2025-12-18,2026-01-08,2026-01-05,6000,5914,42,15.65,15.2,1
PO01667,SUP028,存储芯片,2025-12-18,2026-01-20,2026-01-17,6500,6493,48,42.79,42.63,1
PO00020,SUP001,MCU控制芯片,2025-12-19,2026-01-25,2026-01-22,7200,6889,387,40.43,41.76,1
PO00146,SUP003,MCU控制芯片,2025-12-19,2026-01-20,2026-01-19,11500,11322,98,32.91,32.96,1
PO00236,SUP004,MCU控制芯片,2025-12-19,2026-01-31,2026-01-28,2400,2347,31,32.43,30.53,1
PO00944,SUP016,模拟芯片,2025-12-19,2026-02-05,2026-02-03,4200,4197,38,16.57,16.48,1
PO01298,SUP022,传感器芯片,2025-12-19,2026-01-06,2026-01-04,10000,9905,96,30.23,30.29,1
PO01500,SUP025,存储芯片,2025-12-19,2026-02-05,2026-02-04,6000,5978,43,42.2,43.09,1
PO01606,SUP027,存储芯片,2025-12-19,2026-01-16,2026-01-14,12200,11055,623,51.65,46.95,1
PO01782,SUP030,存储芯片,2025-12-19,2026-01-02,2025-12-30,9000,8804,67,47.57,47.76,1
PO00444,SUP008,功率半导体,2025-12-20,2026-01-29,2026-01-31,5100,5015,201,25.95,25.84,1
PO00697,SUP012,功率半导体,2025-12-20,2026-01-07,2026-01-05,11600,11471,142,24.03,23.68,1
PO00713,SUP012,功率半导体,2025-12-20,2026-01-03,2026-01-05,9800,9218,88,24.03,25.16,1
PO00884,SUP015,模拟芯片,2025-12-20,2026-01-03,2026-01-03,5400,5167,75,17.11,16.66,1
PO01362,SUP023,传感器芯片,2025-12-20,2026-01-18,2026-01-17,13600,13274,101,29.62,29.51,1
PO01620,SUP027,存储芯片,2025-12-20,2026-01-16,2026-01-15,10900,9597,553,51.65,63.1,0
PO00240,SUP004,MCU控制芯片,2025-12-21,2026-01-30,2026-01-31,11600,11443,178,32.43,28.98,1
PO00702,SUP012,功率半导体,2025-12-21,2026-01-03,2026-01-14,11900,11095,118,24.03,27.68,0
PO00962,SUP017,模拟芯片,2025-12-21,2026-01-13,2026-01-13,8500,8376,53,15.65,15.7,1
PO01301,SUP022,传感器芯片,2025-12-21,2026-01-12,2026-01-09,3500,3397,28,30.23,29.9,1
PO01474,SUP025,存储芯片,2025-12-21,2026-02-02,2026-01-30,8500,8500,80,42.2,42.19,1
PO00216,SUP004,MCU控制芯片,2025-12-22,2026-02-01,2026-01-30,13200,12836,182,32.43,31.03,1
PO00410,SUP007,功率半导体,2025-12-22,2026-01-19,2026-01-17,13000,12852,105,25.7,25.86,1
PO00480,SUP008,功率半导体,2025-12-22,2026-01-26,2026-01-31,9100,8976,363,25.95,25.43,1
PO00834,SUP014,模拟芯片,2025-12-22,2026-01-21,2026-01-18,15000,14770,114,19.84,19.4,1
PO01438,SUP024,传感器芯片,2025-12-22,2026-01-15,2026-01-13,6500,6027,347,24.89,19.47,1
PO01502,SUP026,存储芯片,2025-12-22,2026-01-29,2026-01-29,9800,9564,75,48.9,48.86,1
PO01676,SUP028,存储芯片,2025-12-22,2026-01-24,2026-01-22,9000,8870,65,42.79,41.89,1
PO00120,SUP002,MCU控制芯片,2025-12-23,2026-01-18,2026-01-16,11700,11640,93,34.81,34.21,1
PO00257,SUP005,MCU控制芯片,2025-12-23,2026-01-21,2026-01-20,3500,3429,48,34.47,38.68,1
PO00451,SUP008,功率半导体,2025-12-23,2026-01-28,2026-01-27,6500,6168,239,25.95,26.5,1
PO00716,SUP012,功率半导体,2025-12-23,2026-01-08,2026-01-19,2400,2252,23,24.03,24.26,1
PO00973,SUP017,模拟芯片,2025-12-23,2026-01-13,2026-01-13,9000,8988,85,15.65,15.25,1
PO01605,SUP027,存储芯片,2025-12-23,2026-01-20,2026-01-30,6300,6112,281,51.65,66.46,0
PO01766,SUP030,存储芯片,2025-12-23,2026-01-10,2026-01-08,9400,9160,73,47.57,47.48,1
PO00426,SUP008,功率半导体,2025-12-24,2026-01-29,2026-01-28,13800,13631,495,25.95,26.57,1
PO00625,SUP011,功率半导体,2025-12-24,2026-01-30,2026-01-27,9600,9459,126,25.67,25.92,1
PO00945,SUP016,模拟芯片,2025-12-24,2026-02-09,2026-02-09,12200,12120,107,16.57,16.67,1
PO01054,SUP018,模拟芯片,2025-12-24,2026-01-20,2026-01-17,2500,2495,23,19.23,19.28,1
PO01308,SUP022,传感器芯片,2025-12-24,2026-01-11,2026-01-08,13000,12861,110,30.23,29.4,1
PO01250,SUP021,传感器芯片,2025-12-25,2026-01-24,2026-01-22,14000,13797,109,25.29,25.55,1
PO01386,SUP024,传感器芯片,2025-12-25,2026-01-23,2026-01-23,14500,13045,699,24.89,25.09,0
PO00053,SUP001,MCU控制芯片,2025-12-26,2026-01-27,2026-01-25,5600,5481,291,40.43,39.92,0
PO00197,SUP004,MCU控制芯片,2025-12-26,2026-02-05,2026-02-03,7400,7307,114,32.43,38.45,0
PO00358,SUP006,MCU控制芯片,2025-12-26,2026-01-31,2026-01-31,6200,5898,226,32.85,32.66,1
PO01698,SUP029,存储芯片,2025-12-26,2026-02-01,2026-01-30,6600,6489,55,49.51,49.68,1
PO01763,SUP030,存储芯片,2025-12-26,2026-01-12,2026-01-11,13600,13387,103,47.57,46.44,1
PO00764,SUP013,模拟芯片,2025-12-27,2026-01-27,2026-01-24,8000,7853,53,19.27,19.2,1
PO00998,SUP017,模拟芯片,2025-12-27,2026-01-17,2026-01-16,12000,11747,88,15.65,15.4,1
PO01436,SUP024,传感器芯片,2025-12-27,2026-01-24,2026-02-06,9500,9415,522,24.89,22.03,1
PO01626,SUP028,存储芯片,2025-12-27,2026-01-30,2026-02-02,5500,5472,40,42.79,43.5,1
PO00367,SUP007,功率半导体,2025-12-28,2026-01-25,2026-01-22,4000,3981,28,25.7,26.24,0
PO00387,SUP007,功率半导体,2025-12-28,2026-01-24,2026-01-22,2800,2718,21,25.7,24.99,1
PO00423,SUP008,功率半导体,2025-12-28,2026-02-01,2026-02-04,5100,5013,192,25.95,25.7,1
PO00627,SUP011,功率半导体,2025-12-28,2026-01-31,2026-01-29,11700,11652,161,25.67,25.64,1
PO01388,SUP024,传感器芯片,2025-12-28,2026-01-26,2026-01-25,2500,2323,138,24.89,24.65,1
PO01524,SUP026,存储芯片,2025-12-28,2026-02-01,2026-01-30,3500,3408,26,48.9,48.18,1
PO00075,SUP002,MCU控制芯片,2025-12-29,2026-01-24,2026-01-22,11400,11261,88,34.81,34.75,1
PO00551,SUP010,功率半导体,2025-12-29,2026-02-04,2026-02-01,4300,4230,37,21.51,21.74,1
PO01425,SUP024,传感器芯片,2025-12-29,2026-01-23,2026-01-21,7000,6280,334,24.89,22.06,1
PO00268,SUP005,MCU控制芯片,2025-12-30,2026-01-27,2026-01-30,13500,12956,183,34.47,32.79,1
PO00328,SUP006,MCU控制芯片,2025-12-30,2026-02-02,2026-01-30,6400,6246,261,32.85,32.12,1
PO00971,SUP017,模拟芯片,2025-12-30,2026-01-20,2026-01-17,9500,9279,73,15.65,16.82,0
PO01238,SUP021,传感器芯片,2025-12-30,2026-01-31,2026-01-28,13500,13111,95,25.29,24.86,1
PO01408,SUP024,传感器芯片,2025-12-30,2026-01-25,2026-01-24,14000,12698,713,24.89,26.91,1
PO01642,SUP028,存储芯片,2025-12-30,2026-01-28,2026-01-28,15000,14821,118,42.79,42.16,1
PO00058,SUP001,MCU控制芯片,2025-12-31,2026-01-31,2026-01-30,5000,4481,261,40.43,44.58,0
PO00112,SUP002,MCU控制芯片,2025-12-31,2026-01-27,2026-01-26,4400,4275,37,34.81,34.1,1
PO00432,SUP008,功率半导体,2025-12-31,2026-02-05,2026-02-10,6400,6296,249,25.95,25.79,1
PO01195,SUP020,传感器芯片,2025-12-31,2026-02-07,2026-02-04,13600,13030,552,24.01,24.26,1
PO01232,SUP021,传感器芯片,2025-12-31,2026-02-02,2026-02-02,3000,2939,27,25.29,25.47,1
PO01729,SUP029,存储芯片,2025-12-31,2026-02-04,2026-02-01,4300,4276,25,49.51,49.66,1
